Date,Close,SMA20,SMA60,Signal,Position,Strategy Return
2015-04-01,248.9757537841797,,,0,,
2015-04-02,244.52450561523438,,,0,0.0,-0.0
2015-04-07,249.86599731445312,,,0,0.0,0.0
2015-04-08,249.86599731445312,,,0,0.0,0.0
2015-04-09,250.4595947265625,,,0,0.0,0.0
2015-04-10,250.1627655029297,,,0,0.0,-0.0
2015-04-13,248.9757537841797,,,0,0.0,-0.0
2015-04-14,246.3050537109375,,,0,0.0,-0.0
2015-04-15,236.51217651367188,,,0,0.0,-0.0
2015-04-16,242.74398803710938,,,0,0.0,0.0
2015-04-17,237.9958953857422,,,0,0.0,-0.0
2015-04-20,231.4673614501953,,,0,0.0,-0.0
2015-04-21,232.0608673095703,,,0,0.0,0.0
2015-04-22,238.5894012451172,,,0,0.0,0.0
2015-04-23,239.18296813964844,,,0,0.0,0.0
2015-04-24,248.6790771484375,,,0,0.0,0.0
2015-04-27,243.6342315673828,,,0,0.0,-0.0
2015-04-28,236.8089141845703,,,0,0.0,-0.0
2015-04-29,237.69918823242188,,,0,0.0,0.0
2015-04-30,234.4348907470703,242.44721908569335,,0,0.0,-0.0
2015-05-04,225.53228759765625,241.2750457763672,,0,0.0,-0.0
2015-05-05,222.26800537109375,240.16222076416017,,0,0.0,-0.0
2015-05-06,219.5972442626953,238.64878311157227,,0,0.0,-0.0
2015-05-07,218.70700073242188,237.0908332824707,,0,0.0,-0.0
2015-05-08,223.45501708984375,235.74060440063477,,0,0.0,0.0
2015-05-11,219.5972442626953,234.21232833862305,,0,0.0,-0.0
2015-05-12,220.4875030517578,232.78791580200195,,0,0.0,0.0
2015-05-13,235.91864013671875,232.26859512329102,,0,0.0,0.0
2015-05-14,233.24790954589844,232.10538177490236,,0,0.0,-0.0
2015-05-15,231.4673614501953,231.54155044555665,,0,0.0,-0.0
2015-05-18,232.35763549804688,231.25963745117187,,0,0.0,0.0
2015-05-19,232.65432739257812,231.31898574829103,,0,0.0,0.0
2015-05-20,237.10565185546875,231.57122497558595,,0,0.0,0.0
2015-05-21,237.4023895263672,231.51187438964843,,0,0.0,0.0
2015-05-22,243.3374481201172,231.71959838867187,,0,0.0,0.0
2015-05-25,235.91864013671875,231.08157653808593,,0,0.0,-0.0
2015-05-26,237.10565185546875,230.75514755249023,,0,0.0,0.0
2015-05-27,237.4023895263672,230.7848213195801,,0,0.0,0.0
2015-05-28,242.74398803710938,231.03706130981445,,0,0.0,0.0
2015-05-29,246.0082550048828,231.61572952270507,,0,0.0,0.0
2015-06-01,243.3374481201172,232.50598754882813,,0,0.0,-0.0
2015-06-02,243.3374481201172,233.5594596862793,,0,0.0,0.0
2015-06-03,243.3374481201172,234.7464698791504,,0,0.0,0.0
2015-06-04,239.18296813964844,235.77026824951173,,0,0.0,-0.0
2015-06-05,237.69918823242188,236.48247680664062,,0,0.0,-0.0
2015-06-08,237.69918823242188,237.38757400512696,,0,0.0,0.0
2015-06-09,238.29266357421875,238.27783203125,,0,0.0,0.0
2015-06-10,239.47967529296875,238.4558837890625,,0,0.0,0.0
2015-06-11,239.47967529296875,238.76747207641603,,0,0.0,0.0
2015-06-12,246.89852905273438,239.53903045654297,,0,0.0,0.0
2015-06-15,242.74398803710938,240.0583480834961,,0,0.0,-0.0
2015-06-16,244.8212127685547,240.66669235229492,,0,0.0,0.0
2015-06-17,251.94334411621094,241.40857696533203,,0,0.0,0.0
2015-06-18,250.7563018798828,242.0762725830078,,0,0.0,-0.0
2015-06-22,257.5816345214844,242.78848190307616,,0,0.0,0.0
2015-06-23,252.83355712890625,243.63422775268555,,0,0.0,-0.0
2015-06-24,250.1627655029297,244.2870834350586,,0,0.0,-0.0
2015-06-25,256.6913757324219,245.25153274536132,,0,0.0,0.0
2015-06-26,252.24005126953125,245.72633590698243,,0,0.0,-0.0
2015-06-29,252.83355712890625,246.0676010131836,240.04351654052735,1,0.0,0.0
2015-06-30,250.4595947265625,246.42370834350587,240.0682472229004,1,1.0,-0.009389427690302155
2015-07-01,253.72386169433594,246.9430290222168,240.22156982421876,1,1.0,0.013033108080116484
2015-07-02,249.86599731445312,247.2694564819336,240.22156982421876,1,1.0,-0.015204972658544924
2015-07-03,252.83355712890625,247.95198593139648,240.27102915445963,1,1.0,0.011876605245805028
2015-07-06,248.6790771484375,248.50098037719727,240.2413538614909,1,1.0,-0.016431679511397346
2015-07-07,248.08554077148438,249.0202980041504,240.20673344930012,1,1.0,-0.0023867563920499935
2015-07-08,239.18296813964844,249.06481323242187,240.04352035522462,1,1.0,-0.03588509271500129
2015-07-09,237.4023895263672,248.9609489440918,239.8951426188151,1,1.0,-0.007444420592028322
2015-07-10,237.4023895263672,248.85708465576172,239.90997950236002,1,1.0,0.0
2015-07-13,236.2154083251953,248.32292861938475,239.8011698404948,1,1.0,-0.004999870487992886
2015-07-14,230.87384033203125,247.72942123413085,239.68246892293294,1,1.0,-0.022613122619885906
2015-07-15,234.64833068847656,247.22077713012695,239.7354850769043,1,1.0,0.016348713873416854
2015-07-16,232.13194274902344,246.23020706176757,239.73666966756184,1,1.0,-0.01072408199994368
2015-07-17,229.61566162109375,245.1731750488281,239.58710734049478,1,1.0,-0.010839874504691704
2015-07-20,217.97760009765625,243.1929733276367,239.23368453979492,1,1.0,-0.05068496391436206
2015-07-21,224.58297729492188,241.7804443359375,238.83208287556965,1,1.0,0.030303009090412614
2015-07-22,220.493896484375,240.29700088500977,238.4464106241862,1,1.0,-0.018207438781867702
2015-07-23,215.14671325683594,238.21976776123046,238.0853739420573,1,1.0,-0.02425093534467959
2015-07-24,205.08139038085938,235.86183471679686,237.54174397786457,-1,1.0,-0.046783530752621205
2015-07-27,199.73416137695312,233.2068649291992,236.96339848836263,-1,-1.0,0.026073691981392533
2015-07-28,202.25047302246094,230.79640884399413,236.57536824544272,-1,-1.0,-0.012598303806221844
2015-07-29,202.87957763671875,228.2541946411133,236.25222778320312,-1,-1.0,-0.0031105223382490443
2015-07-30,205.71046447753906,226.0464179992676,236.02078145345052,-1,-1.0,-0.01395353279909406
2015-07-31,208.85585021972656,223.8475326538086,235.85659561157226,-1,-1.0,-0.015290353605375007
2015-08-03,188.09609985351562,220.8183837890625,235.26728032430012,-1,-1.0,0.09939750475924258
2015-08-04,176.14353942871094,217.22128372192384,234.54305191040038,-1,-1.0,0.06354496682341115
2015-08-05,169.85267639160156,213.7547691345215,233.69913813273112,-1,-1.0,0.03571441256098651
2015-08-06,172.99807739257812,210.53455352783203,232.65046208699545,-1,-1.0,-0.01851840705603447
2015-08-07,174.8853302001953,207.40870056152343,231.67775243123373,-1,-1.0,-0.010909097003052315
2015-08-10,181.1761932373047,204.6567398071289,230.8395662943522,-1,-1.0,-0.03597135923240713
2015-08-11,178.65985107421875,202.0460403442383,229.94460322062176,-1,-1.0,0.013888922811122528
2015-08-12,176.14353942871094,199.12080078125,229.00275675455728,-1,-1.0,0.01408437111291716
2015-08-13,175.82896423339844,196.30565185546874,227.9814786275228,-1,-1.0,0.0017859025447811705
2015-08-14,169.85267639160156,193.31750259399413,226.85565007527669,-1,-1.0,0.0339892114354029
2015-08-17,166.70726013183594,190.7539855957031,225.578480275472,-1,-1.0,0.018518496891469338
2015-08-18,167.96542358398438,187.92310791015626,224.44592666625977,-1,-1.0,-0.007547142524887418
2015-08-19,164.19093322753906,185.10795974731445,223.23068135579427,-1,-1.0,0.022471829474820626
2015-08-20,163.5618438720703,182.52871627807616,222.00000559488933,-1,-1.0,0.0038314500265185236
2015-08-21,159.78732299804688,180.26401290893554,220.61739451090494,-1,-1.0,0.02307702569662684
2015-08-24,144.0602569580078,177.48031768798828,218.9182612101237,-1,-1.0,0.09842499232702773
2015-08-25,147.834716796875,174.759529876709,217.326549021403,-1,-1.0,-0.026200563004461497
2015-08-26,144.37477111816406,171.83428955078125,215.67717107137045,-1,-1.0,0.023404148590245533
2015-08-27,144.68931579589844,168.78323211669922,214.03303553263348,-1,-1.0,-0.002178667888428576
2015-08-28,159.15823364257812,166.2983512878418,212.69928995768228,-1,-1.0,-0.09999990508690937
2015-08-31,157.9000701904297,164.7885498046875,211.36930465698242,-1,-1.0,0.007905110677301819
2015-09-01,154.12554931640625,163.68765029907226,209.97641067504884,-1,-1.0,0.023904491425946195
2015-09-02,152.86741638183594,162.838387298584,208.5526565551758,-1,-1.0,0.008163039419165186
2015-09-03,152.23831176757812,161.80039901733397,207.0986338297526,-1,-1.0,0.004115361070055723
2015-09-04,152.23831176757812,160.6680480957031,205.6446111043294,-1,-1.0,-0.0
2015-09-07,155.06918334960938,159.36269760131836,204.11412200927734,-1,-1.0,-0.018595001147629242
2015-09-08,160.41639709472656,158.45052490234374,202.74199549357095,-1,-1.0,-0.03448276201378908
2015-09-09,176.14353942871094,158.45052490234374,201.59736760457358,-1,-1.0,-0.09803949358554309
2015-09-10,171.7399139404297,158.2460723876953,200.26064376831056,-1,-1.0,0.025000210070511786
2015-09-11,174.2562255859375,158.46624984741212,198.9856424967448,-1,-1.0,-0.014651874382449304
2015-09-14,174.2562255859375,158.84369812011718,197.59688568115234,-1,-1.0,-0.0
2015-09-15,170.48175048828125,158.96951446533203,196.22435557047527,-1,-1.0,0.02166048923052566
2015-09-16,173.62716674804688,159.44132614135742,194.9487622578939,-1,-1.0,-0.01845016402492794
2015-09-17,174.2562255859375,159.97604522705078,193.5748430887858,-1,-1.0,-0.0036230438454569747
2015-09-18,175.19989013671875,160.74667358398438,192.29084040323895,-1,-1.0,-0.0054153850033660245
2015-09-21,165.76361083984375,161.83184127807618,190.83967463175455,-1,-1.0,0.05386007542305715
2015-09-22,163.5618438720703,162.61819763183593,189.3913787841797,-1,-1.0,0.0132825712266893
2015-09-23,157.9000701904297,163.29446258544922,187.79431559244793,-1,-1.0,0.03461549189962043
2015-09-24,148.46380615234375,163.4831871032715,186.10427907307943,-1,-1.0,0.05976098697553256
2015-09-25,149.0928955078125,162.97992019653321,184.3752680460612,-1,-1.0,-0.004237324717535573
2015-09-29,149.0928955078125,162.53956146240233,182.7154983520508,-1,-1.0,-0.0
2015-09-30,153.18194580078125,162.49238128662108,181.13377176920574,-1,-1.0,-0.02742619142945335
2015-10-01,157.5855255126953,162.72828674316406,179.77381439208983,-1,-1.0,-0.028747380697468516
2015-10-02,156.95643615722656,162.96419296264648,178.43304850260418,-1,-1.0,0.003992050370248412
2015-10-05,152.86741638183594,162.9956481933594,177.02413228352864,-1,-1.0,0.026051940751856573
2015-10-06,154.12554931640625,162.9484664916992,175.6559679667155,-1,-1.0,-0.008230223054386698
2015-10-07,162.30364990234375,163.04282913208007,174.51313145955405,-1,-1.0,-0.05306129076074573
2015-10-08,167.0217742919922,162.58674087524415,173.3860221862793,-1,-1.0,-0.029069736832703974
2015-10-12,167.65087890625,162.38228912353514,172.31133778889975,-1,-1.0,-0.003766602390165019
2015-10-13,174.2562255859375,162.38228912353514,171.38868052164713,-1,-1.0,-0.03939941575481498
2015-10-14,171.42538452148438,162.2407470703125,170.61281026204426,-1,-1.0,0.01624527935764941
2015-10-15,173.62716674804688,162.39801788330078,169.7635467529297,-1,-1.0,-0.012843968428063013
2015-10-16,173.62716674804688,162.39801788330078,168.98243459065756,-1,-1.0,-0.0
2015-10-19,172.36900329589844,162.30365676879882,168.26947275797525,-1,-1.0,0.007246351338406454
2015-10-20,172.99807739257812,162.1935661315918,167.73475087483723,-1,-1.0,-0.003649577851301933
2015-10-21,166.39271545410156,162.2250213623047,167.17906010945637,-1,-1.0,0.03818170720757352
2015-10-22,167.96542358398438,162.4452003479004,166.6076426188151,-1,-1.0,-0.009451784746650427
2015-10-23,167.96542358398438,162.94846801757814,166.02574005126954,-1,-1.0,-0.0
2015-10-26,170.79629516601562,164.06509246826172,165.4438372294108,-1,-1.0,-0.016853894817321136
2015-10-27,166.39271545410156,164.93008346557616,164.7361183166504,1,-1.0,0.025782641875420897
2015-10-28,161.04547119140625,165.52771224975587,164.28527450561523,1,1.0,-0.032136288226934484
2015-10-29,159.15823364257812,165.8265266418457,164.00218607584637,1,1.0,-0.011718662653885548
2015-10-30,160.10186767578125,165.95234375,163.83967259724935,1,1.0,0.005928904911839172
2015-11-02,169.85267639160156,166.59715576171874,163.78724924723306,1,1.0,0.06090377868399677
2015-11-03,173.62716674804688,167.6351432800293,163.76627985636392,1,1.0,0.022222142368502285
2015-11-04,190.29788208007812,169.4437599182129,163.91830800374348,1,1.0,0.09601444085200317
2015-11-05,186.8379364013672,170.67047424316405,164.05460942586262,1,1.0,-0.018181735082342998
2015-11-06,181.1761932373047,171.3781951904297,164.13848698933919,1,1.0,-0.03030296348328254
2015-11-09,179.91799926757812,171.9915512084961,164.20663757324218,1,1.0,-0.006944587736638086
2015-11-10,179.6034698486328,172.25891342163087,164.36915079752603,1,1.0,-0.0017481820619711375
2015-11-11,172.99807739257812,172.33754806518556,164.47399775187174,1,1.0,-0.0367776438930808
2015-11-12,171.11082458496094,172.21173095703125,164.52642110188802,1,1.0,-0.010909097003052315
2015-11-13,167.0217742919922,171.8814613342285,164.57360178629557,1,1.0,-0.02389708718245598
2015-11-16,170.16720581054688,171.77137145996093,164.68369115193684,1,1.0,0.018832463802328947
2015-11-17,167.0217742919922,171.47255630493163,164.80426534016928,1,1.0,-0.018484357803092877
2015-11-18,162.30364990234375,171.26810302734376,165.10832188924152,1,1.0,-0.028248558666369328
2015-11-19,166.70726013183594,171.20519485473633,165.42286427815756,1,1.0,0.027131923602098817
2015-11-20,164.5054473876953,171.03219604492188,165.7583755493164,1,1.0,-0.013207659596824906
2015-11-23,172.99807739257812,171.14228515625,166.2301882425944,1,1.0,0.05162522056104302
2015-11-24,168.59451293945312,171.25237503051758,166.387459564209,1,1.0,-0.02545441267033366
2015-11-25,165.13453674316406,171.45682830810546,166.50803400675457,1,1.0,-0.020522472149088422
2015-11-26,172.36900329589844,172.11736679077148,166.8120915730794,1,1.0,0.04380953067368476
2015-11-27,167.96542358398438,172.51054458618165,167.06372502644857,1,1.0,-0.02554739905500658
2015-11-30,163.87635803222656,172.21172866821288,167.2576924641927,1,1.0,-0.024344686331905896
2015-12-01,164.19093322753906,171.7399169921875,167.45690282185873,1,1.0,0.0019195886404226314
2015-12-02,169.22357177734375,170.6862014770508,167.69280929565429,1,1.0,0.030651135546140962
2015-12-03,172.36900329589844,169.96275482177734,167.89201939900715,1,1.0,0.018587431322471426
2015-12-04,169.22357177734375,169.3651237487793,167.7766866048177,1,1.0,-0.018248243352402826
2015-12-07,172.99807739257812,169.0191276550293,167.79765599568685,1,1.0,0.02230484545144029
2015-12-08,169.85267639160156,168.53158798217774,167.7242635091146,1,1.0,-0.018181710735656442
2015-12-09,166.0781707763672,168.1855926513672,167.58796259562175,1,1.0,-0.022222232203937264
2015-12-10,163.5618438720703,167.80814361572266,167.4726308186849,1,1.0,-0.01515146086047181
2015-12-11,161.9891357421875,167.55651168823243,167.2786636352539,1,1.0,-0.00961537295405468
2015-12-14,160.41639709472656,167.0689712524414,167.04799982706706,1,1.0,-0.009708914367961174
2015-12-15,162.93272399902344,166.86451873779296,166.84354705810546,1,1.0,0.01568622004900777
2015-12-16,159.15823364257812,166.70724792480468,166.73345743815105,-1,1.0,-0.02316594397861993
2015-12-17,162.93272399902344,166.51852111816407,166.72297210693358,-1,-1.0,-0.023715332031905456
2015-12-18,162.93272399902344,166.43988494873048,166.80684967041014,-1,-1.0,-0.0
2015-12-21,159.78732299804688,165.77934722900392,166.99557495117188,-1,-1.0,0.019304906490088647
2015-12-22,163.87635803222656,165.54343948364257,167.24196599324543,-1,-1.0,-0.025590484635815924
2015-12-23,161.67459106445312,165.37044219970704,167.45166091918946,-1,-1.0,0.01343553758584537
2015-12-24,160.10186767578125,164.75708541870117,167.56699295043944,-1,-1.0,0.009727709087229974
2015-12-25,161.36001586914062,164.42681503295898,167.62990112304686,-1,-1.0,-0.007858422962980116
2015-12-28,163.24728393554688,164.395361328125,167.73474858601887,-1,-1.0,-0.011696008185428042
2015-12-29,157.27098083496094,164.0493637084961,167.8081413269043,-1,-1.0,0.036608897597006806
2015-12-30,156.32736206054688,163.40455322265626,167.8448382059733,-1,-1.0,0.005999954787617723
2015-12-31,157.27098083496094,162.64965209960937,167.7609603881836,-1,-1.0,-0.006036171543971847
2016-01-04,154.12554931640625,161.8947509765625,167.54602330525717,-1,-1.0,0.02000007567737805
2016-01-05,152.5528564453125,160.87248992919922,167.29438959757488,-1,-1.0,0.010203972528040395
2016-01-06,142.8020477294922,159.51995849609375,166.77015329996746,-1,-1.0,0.06391757547532917
2016-01-07,129.59129333496094,157.69561462402345,166.07291844685872,-1,-1.0,0.09251095908341722
2016-01-08,134.30941772460938,156.23299331665038,165.41762262980143,-1,-1.0,-0.03640772669390113
2016-01-11,131.47854614257812,154.70746383666992,164.71514561971028,-1,-1.0,0.021077238141525734
2016-01-12,129.90582275390625,153.18193511962892,164.0074259440104,-1,-1.0,0.011961825216460609
2016-01-13,129.90582275390625,151.53059005737305,163.28922170003256,-1,-1.0,-0.0
2016-01-14,130.8494415283203,150.11515045166016,162.69683380126952,-1,-1.0,-0.0072638681962828855
2016-01-15,128.9622039794922,148.4166244506836,162.04678014119466,-1,-1.0,0.014422969840644395
2016-01-18,132.10763549804688,146.87537002563477,161.44915033976238,-1,-1.0,-0.024390336249641598
2016-01-19,136.19668579101562,145.6958381652832,160.87249018351238,-1,-1.0,-0.030952414503166326
2016-01-20,132.10763549804688,144.1074020385742,160.3010721842448,-1,-1.0,0.030023126254651422
2016-01-21,132.10763549804688,142.6290542602539,159.8187749226888,-1,-1.0,-0.0
2016-01-22,133.3657989501953,141.2922508239746,159.3889010111491,-1,-1.0,-0.009523775423011305
2016-01-25,134.9385223388672,139.97117614746094,158.96951192220052,-1,-1.0,-0.011792554020984003
2016-01-26,131.47854614257812,138.3827392578125,158.3299430847168,-1,-1.0,0.025641130022160175
2016-01-27,132.73670959472656,137.1560256958008,157.6484354654948,-1,-1.0,-0.009569344117815737
2016-01-28,130.8494415283203,135.88212966918945,156.6576281229655,-1,-1.0,0.014218132061345257
2016-01-29,134.6239471435547,134.74977798461913,155.78739496866862,-1,-1.0,-0.02884617290794811
2016-02-01,132.10763549804688,133.64888229370118,154.96958567301434,-1,-1.0,0.0186914118839836
2016-02-02,133.3657989501953,132.6895294189453,154.1937156677246,-1,-1.0,-0.009523775423011305
2016-02-03,125.81678009033203,131.84026603698732,153.2972708384196,-1,-1.0,0.05660385885501584
2016-02-15,129.27674865722656,131.82453880310058,152.56858202616374,-1,-1.0,-0.027500056545799234
2016-02-16,133.05126953125,131.76163139343262,151.9342561086019,-1,-1.0,-0.029197213831788638
2016-02-17,132.10763549804688,131.79308586120607,151.35235379536945,-1,-1.0,0.0070922587700787965
2016-02-18,138.39846801757812,132.21771812438965,150.82287483215333,-1,-1.0,-0.04761899261776015
2016-02-19,138.7130126953125,132.65807762145997,150.35106213887533,-1,-1.0,-0.00227274681750389
2016-02-22,144.0602569580078,133.31861839294433,150.04700558980306,-1,-1.0,-0.03854897358794096
2016-02-23,145.31837463378906,134.13642692565918,149.6905241648356,-1,-1.0,-0.008733273856008639
2016-02-24,142.8020477294922,134.67114753723143,149.32880083719888,-1,-1.0,0.017315958223715122
2016-02-25,147.5202178955078,135.23732414245606,148.90416984558107,-1,-1.0,-0.03303993353760015
2016-02-26,148.46380615234375,136.0551326751709,148.5686580657959,-1,-1.0,-0.0063963317726678515
2016-03-01,146.2620086669922,136.76285133361816,148.25411593119304,-1,-1.0,0.014830533733536488
2016-03-02,147.2056427001953,137.45484352111816,147.83472658793133,-1,-1.0,-0.006451668767599061
2016-03-03,150.9801483154297,138.25692481994628,147.55163866678873,-1,-1.0,-0.025641038930292126
2016-03-04,150.9801483154297,139.23200492858888,147.33670183817546,-1,-1.0,-0.0
2016-03-07,147.834716796875,139.98690528869628,147.06409823099773,-1,-1.0,0.02083341123750393
2016-03-08,147.834716796875,140.83616905212403,146.70761731465657,-1,-1.0,-0.0
2016-03-09,150.03652954101562,141.60679817199707,146.33540941874188,-1,-1.0,-0.014893746150073328
2016-03-10,146.2620086669922,142.31451683044435,145.952716700236,-1,-1.0,0.025157345918159213
2016-03-11,151.60923767089844,143.2266887664795,145.59623603820802,-1,-1.0,-0.036559247699659014
2016-03-14,163.5618438720703,145.11394195556642,145.49138882954915,-1,-1.0,-0.07883824485100077
2016-03-15,156.0128173828125,146.45074539184571,145.32363293965656,1,-1.0,0.04615395810261391
2016-03-16,158.8437042236328,147.74036712646483,145.2449972788493,1,1.0,0.018145219657652145
2016-03-17,158.8437042236328,149.07717056274413,145.1925734202067,1,1.0,0.0
2016-03-18,162.30364990234375,150.2724296569824,145.224027633667,1,1.0,0.021782076259313055
2016-03-21,161.67459106445312,151.42050857543944,145.20305875142415,1,1.0,-0.0038758144888862978
2016-03-22,156.0128173828125,152.01813659667968,145.15063514709473,1,1.0,-0.03501956395475592
2016-03-23,153.18194580078125,152.41131515502929,144.988122177124,1,1.0,-0.018145121852937707
2016-03-24,154.75462341308594,153.008943939209,144.85182050069173,1,1.0,0.01026672956844421
2016-03-25,153.18194580078125,153.29203033447266,144.7417308807373,1,1.0,-0.010162395007138114
2016-03-28,150.9801483154297,153.41784744262696,144.52679405212402,1,1.0,-0.014373740154829173
2016-03-29,153.4965057373047,153.7795722961426,144.39049263000487,1,1.0,0.016666809841899166
2016-03-30,156.95643615722656,154.26711196899413,144.33806877136232,1,1.0,0.022540776438541466
2016-03-31,155.38372802734375,154.48729095458984,144.23846397399902,1,1.0,-0.01002002955971426
2016-04-01,151.60923767089844,154.51874542236328,144.04449653625488,1,1.0,-0.02429141329252371
2016-04-06,145.31837463378906,154.39292831420897,143.84528643290201,1,1.0,-0.04149392961638054
2016-04-07,144.0602569580078,154.20420532226564,143.64083468119304,1,1.0,-0.00865766410443125
2016-04-08,144.37477111816406,153.92111740112304,143.42589785257977,1,1.0,0.0021832125445113704
2016-04-11,145.9474639892578,153.90539016723633,143.28959643046062,1,1.0,0.010893128064643376
2016-04-12,139.65664672851562,153.3077606201172,143.07465960184734,1,1.0,-0.04310329956267833
2016-04-13,141.85841369628906,152.22258911132812,143.0589323679606,1,1.0,0.015765572347254952
2016-04-14,145.31837463378906,151.68786697387696,143.32105038960773,1,1.0,0.02439024127893874
2016-04-15,147.2056427001953,151.10596389770507,143.53598747253417,1,1.0,0.012987126171499552
2016-04-18,147.5202178955078,150.53978958129883,143.80334866841633,1,1.0,0.002136977832793985
2016-04-19,146.2620086669922,149.73770751953126,144.07595176696776,1,1.0,-0.008529062974994006
2016-04-20,145.9474639892578,148.95135116577148,144.34331245422362,1,1.0,-0.002150556255866354
2016-04-21,147.2056427001953,148.51099243164063,144.61591580708821,1,1.0,0.008620764462410335
2016-04-22,144.68931579589844,148.08636093139648,144.87803433736164,1,1.0,-0.017093956849342562
2016-04-25,143.43112182617188,147.5201858520508,145.06675910949707,1,1.0,-0.008695831912712837
2016-04-26,148.77833557128906,147.30000534057618,145.27645327250164,1,1.0,0.037280707820145365
2016-04-27,152.23831176757812,147.3629135131836,145.6119645436605,1,1.0,0.02325591412891681
2016-04-28,148.46380615234375,147.11127853393555,145.88456738789876,1,1.0,-0.02479340168325639
2016-04-29,144.68931579589844,146.49792251586913,146.07329266866049,1,1.0,-0.025423639971699052
2016-05-03,132.73670959472656,145.36557159423828,146.03659578959147,-1,1.0,-0.08260876855643196
2016-05-04,126.76041412353516,144.1231304168701,145.95796025594075,-1,-1.0,0.04502368251735567
2016-05-05,127.70403289794922,143.24241333007814,145.87408231099445,-1,-1.0,-0.007444112430040395
2016-05-06,120.78411865234375,142.07860641479493,145.7063269297282,-1,-1.0,0.05418712384075852
2016-05-09,123.30045318603516,141.02489051818847,145.5176020304362,-1,-1.0,-0.020833322805742682
2016-05-10,128.3331298828125,140.1441738128662,145.45469360351564,-1,-1.0,-0.040816368202508224
2016-05-11,125.81678009033203,139.45218048095703,145.3288766225179,-1,-1.0,0.019607951545935753
2016-05-12,125.81678009033203,138.65009880065918,145.3288766225179,-1,-1.0,-0.0
2016-05-13,125.81678009033203,137.67501907348634,145.27121047973634,-1,-1.0,-0.0
2016-05-16,126.76041412353516,136.65275764465332,145.16636288960774,-1,-1.0,-0.007500065035249026
2016-05-17,127.38949584960938,135.6462215423584,145.08772722880045,-1,-1.0,-0.004962761682532291
2016-05-18,128.01856994628906,134.73404960632325,144.91472892761232,-1,-1.0,-0.004938194413002028
2016-05-19,125.81678009033203,133.72751541137694,144.6997917175293,-1,-1.0,0.01719898805994169
2016-05-20,127.07498168945312,132.72098236083986,144.4167037963867,-1,-1.0,-0.010000268630446119
2016-05-23,132.10763549804688,132.09189834594727,144.196524810791,-1,-1.0,-0.03960381297470961
2016-05-24,131.47854614257812,131.49426956176757,144.00779978434244,-1,-1.0,0.004761945462857464
2016-05-25,132.73670959472656,130.69218826293945,143.76140797932942,-1,-1.0,-0.009569344117815737
2016-05-26,134.6239471435547,129.81147003173828,143.53074366251627,-1,-1.0,-0.014217902150733375
2016-05-27,133.68032836914062,129.07229614257812,143.32104899088543,-1,-1.0,0.007009293624468227
2016-05-30,136.19668579101562,128.64766464233398,143.13756637573243,-1,-1.0,-0.01882369270463191
2016-05-31,138.39846801757812,128.93075256347657,142.92787170410156,-1,-1.0,-0.016166195335626465
2016-06-01,139.65664672851562,129.5755641937256,142.739146677653,-1,-1.0,-0.009090987270015782
2016-06-02,135.25303649902344,129.9530143737793,142.52945200602213,-1,-1.0,0.03153169099106723
2016-06-03,137.76939392089844,130.80227813720703,142.36169662475587,-1,-1.0,-0.01860481277914361
2016-06-06,144.37477111816406,131.8559940338135,142.267333984375,-1,-1.0,-0.04794517134232423
2016-06-07,146.57655334472656,132.76816520690917,142.27257639567057,-1,-1.0,-0.01525046384150075
2016-06-08,144.68931579589844,133.7117919921875,142.15724436442056,-1,-1.0,0.012875439528105326
2016-06-13,138.39846801757812,134.34087638854982,141.73785476684571,-1,-1.0,0.043478315891646746
2016-06-14,141.5438995361328,135.12723236083986,141.4967061360677,-1,-1.0,-0.022727357922453173
2016-06-15,145.00384521484375,136.03940391540527,141.26604181925455,-1,-1.0,-0.024444329215528526
2016-06-16,142.1729736328125,136.77857780456543,140.98819630940756,-1,-1.0,0.019522734571879252
2016-06-17,142.8020477294922,137.5177516937256,140.66316960652668,-1,-1.0,-0.004424709426873008
2016-06-20,143.11659240722656,138.38274230957032,140.35386962890624,-1,-1.0,-0.0022026622358399806
2016-06-21,144.37477111816406,139.24773178100585,140.1599021911621,-1,-1.0,-0.008791284712519332
2016-06-22,144.0602569580078,139.8453628540039,140.00787404378255,-1,-1.0,0.002178456510928961
2016-06-23,143.43112182617188,140.4429916381836,139.81914901733398,1,-1.0,0.004367166525458321
2016-06-24,140.60025024414062,140.8361686706543,139.60945409138998,1,1.0,-0.019736801511334945
2016-06-27,142.48748779296875,141.229345703125,139.46790974934896,1,1.0,0.013422718277891432
2016-06-28,144.0602569580078,141.74834213256835,139.31063893636068,1,1.0,0.011037945783171299
2016-06-29,149.40744018554688,142.40887985229492,139.1848223368327,1,1.0,0.03711768492192613
2016-06-30,153.4965057373047,143.16378173828124,139.1533686319987,1,1.0,0.027368553712450172
2016-07-01,154.12554931640625,143.8872268676758,139.19530715942383,1,1.0,0.004098097061428385
2016-07-04,160.73094177246094,145.16112213134767,139.4521832784017,1,1.0,0.04285721923037178
2016-07-05,154.12554931640625,145.97892990112305,139.61993815104168,1,1.0,-0.041095960635915585
2016-07-06,149.0928955078125,146.21483612060547,139.6985735575358,1,1.0,-0.03265294969533017
2016-07-07,149.72198486328125,146.3721076965332,139.76148223876953,1,1.0,0.004219445556584489
2016-07-08,149.72198486328125,146.62374114990234,139.92923787434896,1,1.0,0.0
2016-07-11,155.38372802734375,147.47300415039064,140.15465977986653,1,1.0,0.03781504212111875
2016-07-12,156.0128173828125,148.19645004272462,140.33290049235026,1,1.0,0.004048617982431502
2016-07-13,155.38372802734375,148.7154441833496,140.4692019144694,1,1.0,-0.004032292769414858
2016-07-14,154.75462341308594,149.3445266723633,140.58977533976238,1,1.0,-0.004048716183119971
2016-07-15,157.71803283691406,150.09032592773437,140.78070907592775,1,1.0,0.019149084909197978
2016-07-18,158.04730224609375,150.83686141967775,140.982373046875,1,1.0,0.0020877093332767327
2016-07-19,158.04730224609375,151.5204879760742,141.16306737263997,1,1.0,0.0
2016-07-20,156.73025512695312,152.15398788452148,141.3637496948242,1,1.0,-0.00833324644219402
2016-07-21,155.0839080810547,152.73662719726562,141.55796279907227,1,1.0,-0.01050433462616951
2016-07-22,155.41319274902344,153.47727432250977,141.6685437520345,1,1.0,0.002123267797692119
2016-07-25,155.41319274902344,154.1235595703125,141.7214584350586,1,1.0,0.0
2016-07-26,158.70582580566406,154.8558380126953,141.89215876261395,1,1.0,0.021186316286274876
2016-07-27,158.04730224609375,155.28783111572267,142.1147918701172,1,1.0,-0.004149334507585589
2016-07-28,160.68142700195312,155.64707717895507,142.58053716023764,1,1.0,0.01666668597580867
2016-07-29,160.3521728515625,155.9584083557129,143.14039980570476,1,1.0,-0.00204911144078046
2016-08-01,163.9740753173828,156.12056503295898,143.74490051269532,1,1.0,0.02258717422665102
2016-08-02,164.63262939453125,156.64591903686522,144.4757090250651,1,1.0,0.0040162085126795866
2016-08-03,163.9740753173828,157.38997802734374,145.15360272725422,1,1.0,-0.0040001431038938495
2016-08-04,159.69361877441406,157.8885597229004,145.67627754211426,1,1.0,-0.026104471299402854
2016-08-05,163.9740753173828,158.60116424560547,146.3122324625651,1,1.0,0.02680418025353526
2016-08-08,163.6448211669922,159.01421890258788,146.94269981384278,1,1.0,-0.002007964672179674
2016-08-09,164.63262939453125,159.44520950317383,147.58963063557943,1,1.0,0.0060362938496603125
2016-08-10,164.63262939453125,159.90765457153321,148.22083422342936,1,1.0,0.0
2016-08-11,163.6448211669922,160.3521644592285,148.82508964538573,1,1.0,-0.006000075630037127
2016-08-12,163.9740753173828,160.66496658325195,149.4243480682373,1,1.0,0.0020120047065506075
2016-08-15,163.9740753173828,160.9613052368164,150.06030298868816,1,1.0,0.0
2016-08-16,164.30332946777344,161.27410659790038,150.68077545166017,1,1.0,0.002007964672179563
2016-08-17,164.96185302734375,161.68568649291993,151.2283457438151,1,1.0,0.004007974529204317
2016-08-18,164.63262939453125,162.16312255859376,151.78091379801432,1,1.0,-0.001995756150714012
2016-08-19,161.33995056152344,162.45946044921874,152.25763448079428,1,1.0,-0.02000015941625477
2016-08-22,160.0229034423828,162.68994598388673,152.6809504191081,1,1.0,-0.008163180381280721
2016-08-23,160.68142700195312,162.78872604370116,153.13096872965494,1,1.0,0.004115183173185155
2016-08-24,158.70582580566406,162.8216522216797,153.50612106323243,1,1.0,-0.012295143459642333
2016-08-25,160.0229034423828,162.78872604370116,153.8665283203125,1,1.0,0.008298861305390925
2016-08-26,160.3521728515625,162.78872604370116,154.21145375569662,1,1.0,0.0020576392634836793
2016-08-29,161.01072692871094,162.64055862426758,154.6407485961914,1,1.0,0.0041069233140860195
2016-08-30,164.30332946777344,162.62409362792968,155.08298085530598,1,1.0,0.020449584955419375
2016-08-31,164.63262939453125,162.65702133178712,155.42061182657878,1,1.0,0.002004219438671795
2016-09-01,164.96185302734375,162.9204330444336,155.72703348795574,1,1.0,0.0019997471584052295
2016-09-02,161.33995056152344,162.78872680664062,156.00454406738282,1,1.0,-0.02195600012579846
2016-09-05,168.91305541992188,163.0521385192871,156.51312052408855,1,1.0,0.04693880735701983
2016-09-06,166.93748474121094,163.1673812866211,156.93634694417318,1,1.0,-0.011695784401031806
2016-09-07,167.26675415039062,163.29908752441406,157.3073954264323,1,1.0,0.0019724114670238713
2016-09-08,165.2911376953125,163.38140335083008,157.69269816080728,1,1.0,-0.011811172310439155
2016-09-09,161.33995056152344,163.24969711303712,158.0016632080078,1,1.0,-0.02390441005417021
2016-09-12,157.05950927734375,162.90396881103516,158.2340451558431,1,1.0,-0.02653057267764214
2016-09-13,157.71803283691406,162.5747039794922,158.4564328511556,1,1.0,0.004192828327302722
2016-09-14,158.04730224609375,162.22897644042968,158.6895502726237,1,1.0,0.0020877093332767327
2016-09-19,159.3643798828125,161.96556396484374,158.9551045735677,1,1.0,0.008333439533614762
2016-09-20,161.6692352294922,161.98202819824218,159.30625432332357,1,1.0,0.01446280121300969
2016-09-21,161.99847412109375,162.08080673217773,159.6314374287923,1,1.0,0.002036496870503557
2016-09-22,161.6692352294922,162.13019714355468,159.92492039998373,1,1.0,-0.0020323579798379177
2016-09-23,162.3277587890625,162.3112937927246,160.14025904337566,1,1.0,0.004073276889295263
2016-09-26,160.68142700195312,162.34421997070314,160.2600077311198,1,1.0,-0.010142022531394068
2016-09-27,160.68142700195312,162.36068267822264,160.36927235921223,1,1.0,0.0
2016-09-28,160.68142700195312,162.34421768188477,160.36844711303712,1,1.0,0.0
2016-09-29,161.33995056152344,162.19604873657227,160.48868713378906,1,1.0,0.0040983178445528345
2016-09-30,158.3765411376953,161.88324432373048,160.64341456095377,1,1.0,-0.01836748687175338
2016-10-03,158.70582580566406,161.5704429626465,160.79314524332682,1,1.0,0.0020791252644067892
2016-10-04,160.0229034423828,161.50459060668945,160.96482721964517,1,1.0,0.008298861305390925
2016-10-05,162.65699768066406,161.19178771972656,161.08604838053387,1,1.0,0.016460732692740176
2016-10-06,160.3521728515625,160.86252212524414,161.1583709716797,-1,1.0,-0.014169847359573828
2016-10-07,158.70582580566406,160.43447570800782,161.21373926798503,-1,-1.0,0.010267070390261868
2016-10-11,158.70582580566406,160.1052101135254,161.27959264119465,-1,-1.0,-0.0
2016-10-12,158.04730224609375,159.9405776977539,161.285080464681,-1,-1.0,0.004149334507585589
2016-10-13,156.40097045898438,159.90765075683595,161.2576416015625,-1,-1.0,0.010416702871308026
2016-10-14,155.74246215820312,159.8088722229004,161.21922760009767,-1,-1.0,0.0042103850049570735
2016-10-17,158.70582580566406,159.8417984008789,161.25215377807618,-1,-1.0,-0.01902733272863477
2016-10-18,158.04730224609375,159.77594451904298,161.30154368082682,-1,-1.0,0.004149334507585589
2016-10-19,156.73025512695312,159.52899551391602,161.323494720459,-1,-1.0,0.00833324644219402
2016-10-20,155.41319274902344,159.1997314453125,161.323494720459,-1,-1.0,0.008403370343925354
2016-10-21,155.0839080810547,158.87046508789064,161.26312942504882,-1,-1.0,0.002118769083526373
2016-10-24,156.73025512695312,158.59058990478516,161.2411786397298,-1,-1.0,-0.010615847035773562
2016-10-25,160.0229034423828,158.55766372680665,161.2302032470703,-1,-1.0,-0.021008377181308102
2016-10-26,158.3765411376953,158.44241943359376,161.1972760518392,-1,-1.0,0.010288291671199934
2016-10-27,157.38877868652344,158.27778701782228,161.08752110799153,-1,-1.0,0.0062367977231747584
2016-10-28,156.40097045898438,158.0308380126953,160.9503267923991,-1,-1.0,0.0062762303372753125
2016-10-31,158.04730224609375,158.01437606811524,160.85154724121094,-1,-1.0,-0.010526352760330981
2016-11-01,156.40097045898438,157.89913330078124,160.79666976928712,-1,-1.0,0.010416702871308026
2016-11-02,155.74246215820312,157.68511123657225,160.65947621663412,-1,-1.0,0.0042103850049570735
2016-11-03,155.74246215820312,157.33938446044922,160.52777023315429,-1,-1.0,-0.0
2016-11-04,148.827880859375,156.76316986083984,160.26435775756835,-1,-1.0,0.044397534256292226
2016-11-07,152.1205291748047,156.43390502929688,160.05582275390626,-1,-1.0,-0.022123867493220928
2016-11-08,150.1449432373047,156.0058609008789,159.83082478841146,-1,-1.0,0.012986977814347545
2016-11-09,145.20594787597656,155.36379318237306,159.518022664388,-1,-1.0,0.03289484983534896
2016-11-10,146.19375610351562,154.85343246459962,159.22168401082357,-1,-1.0,-0.006802808300819585
2016-11-11,141.5840301513672,154.1455108642578,158.8430290222168,-1,-1.0,0.031531619920104004
2016-11-14,143.88890075683594,153.4046646118164,158.49181315104167,-1,-1.0,-0.016279170772329543
2016-11-15,142.24256896972656,152.61442794799805,158.11864547729493,-1,-1.0,0.011441687152031199
2016-11-16,142.24256896972656,151.89004364013672,157.80035578409831,-1,-1.0,-0.0
2016-11-17,145.86448669433594,151.41260833740233,157.56438217163085,-1,-1.0,-0.025462966191086123
2016-11-18,149.48641967773438,151.13273391723632,157.3777987162272,-1,-1.0,-0.02483080745341626
2016-11-21,146.85231018066406,150.6388366699219,157.18024012247722,-1,-1.0,0.017621062185775638
2016-11-22,150.47421264648438,150.16140213012696,157.0210952758789,-1,-1.0,-0.02466357159355881
2016-11-23,148.827880859375,149.68396911621093,156.8290237426758,-1,-1.0,0.01094095631506753
2016-11-24,146.19375610351562,149.12421798706055,156.58207422892252,-1,-1.0,0.017699135005142752
2016-11-25,145.86448669433594,148.59739379882814,156.27476018269857,-1,-1.0,0.0022522809315230763
2016-11-28,147.18154907226562,148.05410614013672,155.98390884399413,-1,-1.0,-0.009029355998692479
2016-11-29,145.86448669433594,147.52728195190429,155.66561940511068,-1,-1.0,0.008948556298201571
2016-11-30,145.86448669433594,147.03338317871095,155.4076950073242,-1,-1.0,-0.0
2016-12-01,147.84007263183594,146.63826370239258,155.05647862752278,-1,-1.0,-0.013543981693363794
2016-12-02,148.16937255859375,146.6053382873535,154.7436767578125,-1,-1.0,-0.002227406418947586
2016-12-05,147.18154907226562,146.35838928222657,154.40892333984374,-1,-1.0,0.006666853407491402
2016-12-06,148.827880859375,146.29253616333008,154.13453572591146,-1,-1.0,-0.011185721291063766
2016-12-07,148.16937255859375,146.44070739746093,153.9150260925293,-1,-1.0,0.004424629961663373
2016-12-08,151.46197509765625,146.70411834716796,153.82173385620118,-1,-1.0,-0.02222188352562826
2016-12-09,151.79127502441406,147.2144805908203,153.72295455932618,-1,-1.0,-0.002174142563144965
2016-12-12,151.1327362060547,147.57667236328126,153.6077117919922,-1,-1.0,0.0043384497445815295
2016-12-13,150.47421264648438,147.98825454711914,153.45954233805338,-1,-1.0,0.004357252942687961
2016-12-14,148.16937255859375,148.2845947265625,153.23454462687175,-1,-1.0,0.015317176593609982
2016-12-15,150.1449432373047,148.49861755371094,153.0369857788086,-1,-1.0,-0.013333191904620456
2016-12-16,148.827880859375,148.46569061279297,152.8229632059733,-1,-1.0,0.008771939630681125
2016-12-19,147.51083374023438,148.49861679077148,152.5760144551595,-1,-1.0,0.008849464976156463
2016-12-20,144.5474395751953,148.20227813720703,152.30711466471354,-1,-1.0,0.020089332355463285
2016-12-21,142.57186889648438,147.8894775390625,152.00528869628906,-1,-1.0,0.013667282412728077
2016-12-22,142.90110778808594,147.724845123291,151.7089500427246,-1,-1.0,-0.002309283690744124
2016-12-23,142.57186889648438,147.56021423339843,151.39614868164062,-1,-1.0,0.00230396318613435
2016-12-26,142.24256896972656,147.3132652282715,151.12724914550782,-1,-1.0,0.002309711791720348
2016-12-27,143.55963134765625,147.1980224609375,150.87481257120768,-1,-1.0,-0.00925927018521433
2016-12-28,143.88890075683594,147.0992431640625,150.60591252644858,-1,-1.0,-0.0022936072354651227
2016-12-29,142.57186889648438,146.83583297729493,150.2711603800456,-1,-1.0,0.009153116421239949
2016-12-30,142.57186889648438,146.55595779418945,149.97482198079427,-1,-1.0,-0.0
2017-01-03,143.55963134765625,146.37486190795897,149.72238540649414,-1,-1.0,-0.006928172147964595
2017-01-04,142.24256896972656,146.04559631347655,149.44799779256184,-1,-1.0,0.009174322653003886
2017-01-05,143.55963134765625,145.8151092529297,149.20653661092123,-1,-1.0,-0.00925927018521433
2017-01-06,144.87667846679688,145.48584442138673,149.01446507771809,-1,-1.0,-0.00917421636414728
2017-01-09,142.90110778808594,145.0413360595703,148.80044250488282,-1,-1.0,0.013636222887065341
2017-01-10,141.25479125976562,144.54743881225585,148.50959192911785,-1,-1.0,0.011520670159966162
2017-01-11,141.91331481933594,144.11939392089843,148.24069213867188,-1,-1.0,-0.00466195556056781
2017-01-12,142.90110778808594,143.85598068237306,148.01020634969075,-1,-1.0,-0.006960537635298802
2017-01-13,141.5840301513672,143.42793502807618,147.77972030639648,-1,-1.0,0.009216706973831812
2017-01-16,138.62063598632812,142.91757278442384,147.50533243815104,-1,-1.0,0.02093028544159181
2017-01-17,140.5962371826172,142.57184295654298,147.23643213907877,-1,-1.0,-0.014251854943761133
2017-01-18,139.2791748046875,142.30842971801758,146.8907033284505,-1,-1.0,0.009367692936326444
2017-01-19,140.26698303222656,142.19318542480468,146.58887736002603,-1,-1.0,-0.007092289489252668
2017-01-20,139.2791748046875,142.01208877563477,146.28705062866212,-1,-1.0,0.007042343152929398
2017-01-23,141.25479125976562,141.94623489379882,146.03461430867512,-1,-1.0,-0.014184578978505336
2017-01-24,140.5962371826172,141.86391830444336,145.74376322428387,-1,-1.0,0.004662171606889864
2017-02-02,134.6694793701172,141.4194107055664,145.38157170613607,-1,-1.0,0.04215445541975549
2017-02-03,136.3157958984375,141.04075546264647,145.05779393513998,-1,-1.0,-0.012224867401437578
2017-02-06,139.60845947265625,140.89258499145507,144.78889389038085,-1,-1.0,-0.024154673730342635
2017-02-07,143.55963134765625,140.94197311401368,144.70108973185222,-1,-1.0,-0.028301808428549347
2017-02-08,140.5962371826172,140.7938034057617,144.5090181986491,-1,-1.0,0.020642252541472894
2017-02-09,141.5840301513672,140.76087646484376,144.36633631388347,-1,-1.0,-0.007025742569959137
2017-02-10,141.91331481933594,140.67856063842774,144.31145909627278,-1,-1.0,-0.00232571899257783
2017-02-13,142.90110778808594,140.57978210449218,144.25658162434897,-1,-1.0,-0.006960537635298802
2017-02-14,142.90110778808594,140.57978210449218,144.27853291829427,-1,-1.0,-0.0
2017-02-15,142.57186889648438,140.64563598632813,144.2565823872884,-1,-1.0,0.00230396318613435
2017-02-16,142.90110778808594,140.6950256347656,144.26755803426107,-1,-1.0,-0.002309283690744124
2017-02-17,148.16937255859375,140.95843887329102,144.36633809407553,-1,-1.0,-0.036866507559341954
2017-02-20,147.84007263183594,141.27124099731446,144.39926452636718,-1,-1.0,0.002222456105951287
2017-02-21,148.4986114501953,141.7651397705078,144.3828010559082,-1,-1.0,-0.004454399992073421
2017-02-22,148.4986114501953,142.1602584838867,144.41023941040038,-1,-1.0,-0.0
2017-02-23,147.84007263183594,142.58830337524415,144.36633707682293,-1,-1.0,0.004434646303613676
2017-02-24,147.51083374023438,142.95049591064452,144.3443862915039,-1,-1.0,0.002226993573125835
2017-03-01,148.16937255859375,143.39500579833984,144.37731323242187,-1,-1.0,-0.004464342053133841
2017-03-02,147.18154907226562,143.69134368896485,144.39926427205404,-1,-1.0,0.006666853407491402
2017-03-03,144.5474395751953,143.88890380859374,144.35536244710286,-1,-1.0,0.017897008923156377
2017-03-06,143.55963134765625,144.3334114074707,144.31694819132488,1,-1.0,0.006833799550113762
2017-03-07,143.55963134765625,144.69560317993165,144.27853393554688,1,1.0,0.0
2017-03-08,146.19375610351562,145.0248680114746,144.25109532674153,1,1.0,0.01834864530600777
2017-03-09,143.55963134765625,145.0248680114746,144.17426630655925,1,1.0,-0.018018038704705197
2017-03-10,146.19375610351562,145.30474395751952,144.1578030904134,1,1.0,0.01834864530600777
2017-03-13,146.52301025390625,145.55169296264648,144.11938858032227,1,1.0,0.002252176557783203
2017-03-14,146.85231018066406,145.79864273071288,144.0974375406901,1,1.0,0.002247428074178659
2017-03-15,145.86448669433594,145.9468116760254,144.00414606730143,1,1.0,-0.006726645873754822
2017-03-16,147.84007263183594,146.1937599182129,143.93829269409179,1,1.0,0.013543981693363794
2017-03-17,148.4986114501953,146.49009704589844,143.89439061482747,1,1.0,0.004454399992073421
2017-03-20,148.827880859375,146.78643569946288,143.866951751709,1,1.0,0.0022173231518067826
2017-03-21,151.46197509765625,146.95106582641603,143.92182846069335,1,1.0,0.017698929952312925
2017-03-22,149.815673828125,147.04984588623046,143.91634063720704,1,1.0,-0.010869403151977819
2017-03-23,147.51083374023438,147.0004570007324,143.894389851888,1,1.0,-0.015384505699549411
2017-03-24,146.85231018066406,146.91814193725585,143.8834144592285,1,1.0,-0.004464238611314286
2017-03-27,147.51083374023438,146.90167999267578,143.93280436197918,1,1.0,0.004484257406370817
2017-03-28,146.85231018066406,146.86875381469727,144.00414505004883,1,1.0,-0.004464238611314286
2017-03-29,144.21817016601562,146.67119369506835,144.02609608968098,1,1.0,-0.017937341342521673
2017-03-30,143.88890075683594,146.50656127929688,144.04804662068685,1,1.0,-0.002283134010094945
2017-03-31,141.5840301513672,146.35839080810547,144.03707097371418,1,1.0,-0.016018404431095368
2017-04-05,144.87667846679688,146.4242431640625,144.05902175903321,1,1.0,0.023255788890240936
2017-04-06,142.90110778808594,146.39131698608398,144.04255854288738,1,1.0,-0.013636222887065341
2017-04-07,142.57186889648438,146.21022262573243,144.04255854288738,1,1.0,-0.00230396318613435
2017-04-10,142.90110778808594,146.17729644775392,144.04804585774738,1,1.0,0.002309283690744124
2017-04-11,139.60845947265625,145.84803161621093,143.98219299316406,1,1.0,-0.023041447098594237
2017-04-12,140.92552185058594,145.56815719604492,143.96024220784506,1,1.0,0.009433972575190852
2017-04-13,140.26698303222656,145.23889083862304,143.9053647359212,1,1.0,-0.004672956393644401
2017-04-14,139.60845947265625,144.92608947753905,143.81756108601888,1,1.0,-0.004694786651389005
2017-04-17,138.94993591308594,144.48158264160156,143.75170822143554,1,1.0,-0.00471693163908371
2017-04-18,139.9376983642578,144.05353698730468,143.7297566731771,1,1.0,0.007108765071973222
2017-04-19,140.92552185058594,143.65841903686524,143.71329345703126,-1,1.0,0.007059023393087616
2017-04-20,141.5840301513672,143.16452178955078,143.69134216308595,-1,-1.0,-0.004672739842534801
2017-04-21,141.5840301513672,142.7529396057129,143.69134216308595,-1,-1.0,-0.0
2017-04-24,141.5840301513672,142.45659942626952,143.7407320658366,-1,-1.0,-0.0
2017-04-25,141.5840301513672,142.19318542480468,143.75719528198243,-1,-1.0,-0.0
2017-04-26,140.5962371826172,141.84745559692382,143.77914632161458,-1,-1.0,0.006976725889875857
2017-04-27,142.90110778808594,141.64989547729493,143.82304840087892,-1,-1.0,-0.016393544035428143
2017-04-28,142.90110778808594,141.58404235839845,143.8834139506022,-1,-1.0,-0.0
2017-05-02,145.86448669433594,141.68282165527344,143.96024220784506,-1,-1.0,-0.020737270355136284
2017-05-03,143.88890075683594,141.79806518554688,144.01511993408204,-1,-1.0,0.013543981693363794
2017-05-04,143.55963134765625,141.73221282958986,144.16328913370768,-1,-1.0,0.00228835863953214
2017-05-05,142.24256896972656,141.69928588867188,144.26206868489584,-1,-1.0,0.009174322653003886
2017-05-08,139.9376983642578,141.56757736206055,144.26755599975587,-1,-1.0,0.016203803278885487
2017-05-09,136.97433471679688,141.2712387084961,144.1578010559082,-1,-1.0,0.021176306900141384
2017-05-10,137.6328582763672,141.17245864868164,144.1084114074707,-1,-1.0,-0.004807641963962439
2017-05-11,140.5962371826172,141.1559944152832,144.09194819132486,-1,-1.0,-0.021531042393230893
2017-05-12,141.25479125976562,141.20538482666015,144.08097279866536,-1,-1.0,-0.0046840092618769535
2017-05-15,141.25479125976562,141.28770141601564,144.05353418986002,-1,-1.0,-0.0
2017-05-16,139.2791748046875,141.3041633605957,143.99316864013673,-1,-1.0,0.013986190751186567
2017-05-17,140.26698303222656,141.32062759399415,143.95475387573242,-1,-1.0,-0.007092289489252668
2017-05-18,140.26698303222656,141.28770065307617,143.9108517964681,-1,-1.0,-0.0
2017-05-19,139.9376983642578,141.20538406372071,143.7736572265625,-1,-1.0,0.002347556501540282
2017-05-22,137.6328582763672,141.0078254699707,143.6035369873047,-1,-1.0,0.016470473037873856
2017-05-23,136.97433471679688,140.7773406982422,143.4114657084147,-1,-1.0,0.004784639132088597
2017-05-24,142.57186889648438,140.82673263549805,143.31268666585285,-1,-1.0,-0.040865569387584566
2017-05-25,150.47421264648438,141.3206314086914,143.35658899943033,-1,-1.0,-0.05542708958762099
2017-05-26,151.1327362060547,141.73221282958986,143.41695404052734,-1,-1.0,-0.004376321683220219
2017-05-31,151.46197509765625,142.16025619506837,143.47183074951172,-1,-1.0,-0.002178475027095894
2017-06-01,150.1449432373047,142.3742790222168,143.52122065226237,-1,-1.0,0.008695462075563154
2017-06-02,154.0961151123047,142.88463973999023,143.68036524454752,-1,-1.0,-0.026315717264984162
2017-06-05,160.0229034423828,143.70780334472656,143.95475311279296,-1,-1.0,-0.038461633674273354
2017-06-06,161.33995056152344,144.6626724243164,144.25109176635743,1,-1.0,-0.008230366346370088
2017-06-07,165.94967651367188,145.9632713317871,144.5803571065267,1,1.0,0.028571509636050152
2017-06-08,167.26675415039062,147.4778923034668,144.9754758199056,1,1.0,0.007936608641778475
2017-06-09,164.96185302734375,148.84434204101564,145.28827743530275,1,1.0,-0.013779792253124756
2017-06-12,163.6448211669922,149.99677124023438,145.57364095052083,1,1.0,-0.00798385709290772
2017-06-13,162.65699768066406,151.0668815612793,145.83705240885416,1,1.0,-0.006036387092996365
2017-06-14,164.63262939453125,152.23577346801758,146.14985478719075,1,1.0,0.012145998893609455
2017-06-15,165.2911376953125,153.53637161254883,146.44070587158203,1,1.0,0.003999865052286777
2017-06-16,166.6082000732422,154.85343246459962,146.7425323486328,1,1.0,0.007968136684723515
2017-06-19,168.2545166015625,156.2528091430664,147.0663096110026,1,1.0,0.009881365548613852
2017-06-20,169.5716094970703,157.73450469970703,147.36813685099284,1,1.0,0.00782797943324609
2017-06-21,177.4739532470703,159.7265594482422,147.82910817464193,1,1.0,0.046601808955151425
2017-06-22,178.46173095703125,161.8009292602539,148.34495646158854,1,1.0,0.005565761577338568
2017-06-23,174.83981323242188,163.4143264770508,148.8114148457845,1,1.0,-0.020295206738084604
2017-06-26,177.4739532470703,164.7643135070801,149.31080017089843,1,1.0,0.01506601938053298
2017-06-27,177.80323791503906,166.09783859252929,149.82664896647137,1,1.0,0.0018553971551551474
2017-06-28,173.85203552246094,167.21734161376952,150.3205467224121,1,1.0,-0.0222223309255265
2017-06-29,176.15687561035156,168.51793823242187,150.85834630330405,1,1.0,0.013257481173367447
2017-06-30,171.5471649169922,169.39049072265624,151.35773188273112,1,1.0,-0.026168213289362474
2017-07-03,176.15687561035156,170.1971893310547,151.87906850179036,1,1.0,0.026871389542286517
2017-07-04,173.52276611328125,170.80633010864258,152.38942947387696,1,1.0,-0.014953202865023552
2017-07-05,174.5105743408203,171.234375,152.92174123128254,1,1.0,0.005692672204719251
2017-07-06,171.79443359375,171.46075897216798,153.40329666137694,1,1.0,-0.01556433332094631
2017-07-07,169.75735473632812,171.70053405761718,153.90577824910483,1,1.0,-0.011857653445507155
2017-07-10,167.72024536132812,171.904305267334,154.35235697428385,1,1.0,-0.012000124402056667
2017-07-11,172.47349548339844,172.3951301574707,154.88913218180338,1,1.0,0.028340348011238303
2017-07-12,172.81298828125,172.80414810180665,155.44254099527996,1,1.0,0.0019683766302762695
2017-07-13,171.11541748046875,173.09536209106446,155.97863235473633,1,1.0,-0.009823166751902312
2017-07-14,172.81298828125,173.40560150146484,156.52655385335285,1,1.0,0.009920618643115553
2017-07-17,172.81298828125,173.6335250854492,157.05801162719726,1,1.0,0.0
2017-07-18,170.43638610839844,173.67676391601563,157.53888422648112,1,1.0,-0.01375245111197132
2017-07-19,177.2266845703125,173.66440048217774,158.13292846679687,1,1.0,0.03984066206141801
2017-07-20,175.86863708496094,173.5347457885742,158.70433858235677,1,1.0,-0.007662770923262285
2017-07-21,173.4920196533203,173.46735610961915,159.23613840738932,1,1.0,-0.013513594413610552
2017-07-24,172.13397216796875,173.20035705566406,159.76176732381185,1,1.0,-0.007827723073748682
2017-07-25,173.83152770996094,173.00177154541015,160.27727432250975,1,1.0,0.009861827509189736
2017-07-26,175.86863708496094,173.10260162353515,160.82673314412435,1,1.0,0.011718871725035607
2017-07-27,178.58474731445312,173.22399520874023,161.3720708211263,1,1.0,0.015443971560318959
2017-07-28,180.9613494873047,173.69470443725587,161.9899449666341,1,1.0,0.013307979592830588
2017-07-31,180.621826171875,173.91795196533204,162.60764821370444,1,1.0,-0.001876220067940526
2017-08-01,198.61610412597656,175.1726188659668,163.54720713297527,1,1.0,0.09962405062264557
2017-08-02,203.70883178710938,176.63253173828124,164.61005935668945,1,1.0,0.025641061098966356
2017-08-03,197.59759521484375,177.92268981933594,165.6204470316569,1,1.0,-0.029999860676891532
2017-08-04,196.91854858398438,179.28074951171874,166.6085418701172,1,1.0,-0.0034365126261838297
2017-08-07,196.239501953125,180.7067123413086,167.53592961629232,1,1.0,-0.0034483629690666984
2017-08-08,194.88143920898438,181.82710952758788,168.42970708211263,1,1.0,-0.00692043513474172
2017-08-09,192.8443603515625,182.82867813110352,169.28953323364257,1,1.0,-0.010452913657094776
2017-08-10,190.12828063964844,183.7793212890625,170.13701833089192,1,1.0,-0.014084309787242622
2017-08-11,194.20240783691406,184.8487922668457,171.03594207763672,1,1.0,0.021428307159561122
2017-08-14,190.12828063964844,185.7145568847656,171.8669637044271,1,1.0,-0.020978767681845478
2017-08-15,184.3564910888672,186.41056213378906,172.6072769165039,1,1.0,-0.03035734363853304
2017-08-16,185.3750457763672,186.8179801940918,173.4029800415039,1,1.0,0.005524919038565335
2017-08-17,184.6959991455078,187.25934829711915,174.19834111531574,1,1.0,-0.0036630962275179257
2017-08-18,181.64036560058594,187.66676559448243,174.84948272705077,1,1.0,-0.016544124177343855
2017-08-21,184.6959991455078,188.29486694335938,175.41984583536785,1,1.0,0.016822436658385787
2017-08-22,183.67745971679688,188.78716354370118,175.9622578938802,1,1.0,-0.005514680520548265
2017-08-23,184.01695251464844,189.19457931518554,176.50484085083008,1,1.0,0.001848309522436864
2017-08-24,185.3750457763672,189.53409423828126,177.0920092264811,1,1.0,0.007380261672416566
2017-08-25,182.65892028808594,189.6189727783203,177.56805597941081,1,1.0,-0.014652055657792928
2017-08-28,184.3564910888672,189.80570602416992,177.97361577351887,1,1.0,0.009293664925336564
2017-08-29,181.30087280273438,188.9399444580078,178.3062978108724,1,1.0,-0.016574508812168043
2017-08-30,182.31939697265625,187.87047271728517,178.5791264851888,1,1.0,0.00561786688710586
2017-08-31,183.67745971679688,187.17446594238282,178.8526382446289,1,1.0,0.0074488110792967355
2017-09-01,184.6959991455078,186.56333847045897,179.18154067993163,1,1.0,0.0055452608626087585
2017-09-04,184.01695251464844,185.95221099853515,179.52107620239258,1,1.0,-0.003676563834630775
2017-09-05,189.78872680664062,185.69757537841798,179.97327168782553,1,1.0,0.031365448743276625
2017-09-06,184.3564910888672,185.2731819152832,180.30200271606446,1,1.0,-0.02862254154488253
2017-09-07,185.03553771972656,185.0185447692871,180.63107604980468,1,1.0,0.0036833345376054982
2017-09-08,186.39358520507812,184.62810363769532,180.96083246866863,1,1.0,0.007339387352761406
2017-09-11,189.44923400878906,184.59415130615236,181.31407775878907,1,1.0,0.016393529854307864
2017-09-12,187.07260131835938,184.72995681762694,181.60576095581055,1,1.0,-0.012544958035140108
2017-09-13,186.73309326171875,184.79785919189453,181.76007995605468,1,1.0,-0.001814846504768819
2017-09-14,194.88143920898438,185.30713119506837,182.03374176025392,1,1.0,0.04363632500772208
2017-09-15,198.27658081054688,186.1389419555664,182.42435455322266,1,1.0,0.017421574960361674
2017-09-18,198.61610412597656,186.83494720458984,182.77672373453777,1,1.0,0.0017123722531513508
2017-09-19,198.95562744140625,187.5988555908203,183.1292635599772,1,1.0,0.001709445046884639
2017-09-20,196.91854858398438,188.24393539428712,183.51370544433593,1,1.0,-0.010238860210283862
2017-09-21,199.29515075683594,188.93994064331054,183.89934336344402,1,1.0,0.012068960440453136
2017-09-22,194.20240783691406,189.51711502075196,184.2769307454427,1,1.0,-0.02555377238523804
2017-09-25,193.8629150390625,189.99243621826173,184.5720314025879,1,1.0,-0.001748138973316271
2017-09-26,191.48631286621094,190.50170822143554,184.87142384847004,1,1.0,-0.01225918929555292
2017-09-27,195.220947265625,191.14678573608398,185.21659673055012,1,1.0,0.019503401279773902
2017-09-28,197.59759521484375,191.84279251098633,185.64664942423502,1,1.0,0.012174144130060904
2017-09-29,193.1838836669922,192.26718673706054,186.03709157307944,1,1.0,-0.022336868741001714
2017-10-02,195.56048583984375,192.8443634033203,186.5010955810547,1,1.0,0.012302279712671726
2017-10-03,195.56048583984375,193.13295135498046,186.8858787536621,1,1.0,0.0
2017-10-05,193.52337646484375,193.5912956237793,187.23105189005534,1,1.0,-0.010416773952322433
2017-10-06,197.59759521484375,194.21939849853516,187.67242151896158,1,1.0,0.021052850691348546
2017-10-11,207.78298950195312,195.28886871337892,188.25525487263997,1,1.0,0.051546144962113516
2017-10-12,206.08544921875,196.12067947387695,188.80979588826497,1,1.0,-0.00816977504882399
2017-10-13,218.6475067138672,197.69942474365234,189.6133145650228,1,1.0,0.06095557712948074
2017-10-16,221.3636016845703,199.43095016479492,190.34892985026042,1,1.0,0.012422254484051987
2017-10-17,217.9684295654297,200.58529968261718,191.05059305826822,1,1.0,-0.015337535589877827
2017-10-18,213.5547637939453,201.3492088317871,191.718305460612,1,1.0,-0.020249105708950776
2017-10-19,214.91281127929688,202.16404418945314,192.43128611246746,1,1.0,0.006359246973586252
2017-10-20,212.53619384765625,202.84307250976562,193.07636388142905,1,1.0,-0.011058519115233256
2017-10-23,217.6289520263672,203.87859268188475,193.77236913045246,1,1.0,0.023961839564894838
2017-10-24,218.30796813964844,204.8292335510254,194.4344228108724,1,1.0,0.003120063332377576
2017-10-25,222.72164916992188,206.25519561767578,195.13042780558268,1,1.0,0.02021768178177563
2017-10-26,229.8514862060547,208.05462417602538,195.95092213948567,1,1.0,0.032012321490549
2017-10-27,224.0797119140625,209.68429412841797,196.37531560262045,1,1.0,-0.025110885238383784
2017-10-30,227.13534545898438,211.28001403808594,196.7657574971517,1,1.0,0.0136363685887535
2017-10-31,232.56761169433594,213.02851486206055,197.34859110514324,1,1.0,0.023916428437741777
2017-11-01,229.511962890625,214.84491882324218,197.89181467692057,1,1.0,-0.013138754710724676
2017-11-02,228.15390014648438,216.4745895385742,198.42372131347656,1,1.0,-0.0059171762858732935
2017-11-03,227.47483825683594,218.07030715942383,198.96694463094076,1,1.0,-0.0029763325948513053
2017-11-06,222.72164916992188,219.53022079467775,199.46489944458008,1,1.0,-0.02089544990267167
2017-11-07,229.17245483398438,221.10896377563478,200.11563568115236,1,1.0,0.028963532230048106
2017-11-08,228.49342346191406,222.1444854736328,200.68715260823566,1,1.0,-0.002962971150098359
2017-11-09,224.7587432861328,223.07815017700196,201.2643269856771,1,1.0,-0.01634480379871306
2017-11-10,221.3636016845703,223.2139549255371,201.88111216227213,1,1.0,-0.015105715363607719
2017-11-13,215.5918426513672,222.92536697387695,202.38472544352214,1,1.0,-0.02607365885484436
2017-11-14,221.3636016845703,223.095125579834,202.9958521525065,1,1.0,0.026771694894489162
2017-11-15,218.6475067138672,223.3497627258301,203.61263783772787,1,1.0,-0.01226983546542304
2017-11-16,217.6289520263672,223.4855697631836,204.1615203857422,1,1.0,-0.004658432665472501
2017-11-17,223.7401885986328,224.04576950073243,204.8292325337728,1,1.0,0.02808099067409575
2017-11-20,217.28941345214844,224.02879257202147,205.38377354939777,1,1.0,-0.02883154424284684
2017-11-21,218.6475067138672,224.04576950073243,205.93831456502278,1,1.0,0.006250158441418074
2017-11-22,222.04263305664062,224.01181869506837,206.59470977783204,1,1.0,0.01552785299864623
2017-11-23,222.04263305664062,223.62137603759766,207.2228121439616,1,1.0,0.0
2017-11-24,221.3636016845703,223.48557052612304,207.8905242919922,1,1.0,-0.0030581125918152097
2017-11-27,224.41920471191406,223.34976348876953,208.59218775431316,1,1.0,0.013803547665879545
2017-11-28,224.7587432861328,222.95932006835938,209.2768758138021,1,1.0,0.0015129657671437702
2017-11-29,227.13534545898438,222.84048919677736,209.98419825236002,1,1.0,0.01057401433245242
2017-11-30,221.3636016845703,222.50097427368163,210.60664240519205,1,1.0,-0.02541103306819459
2017-12-01,213.89431762695312,221.8219482421875,211.00840225219727,1,1.0,-0.033742150926241554
2017-12-04,217.28941345214844,221.55033645629882,211.5572842915853,1,1.0,0.01587277241799656
2017-12-05,215.93133544921875,220.88828048706054,212.07221425374348,1,1.0,-0.006250088218074934
2017-12-06,194.54193115234375,219.19070587158203,212.20802001953126,1,1.0,-0.09905650910914321
2017-12-07,195.220947265625,217.71381607055665,212.30421524047853,1,1.0,0.0034903329542335104
2017-12-08,200.99269104003906,216.69527053833008,212.53621673583984,1,1.0,0.02956518680631537
2017-12-11,203.3693389892578,216.08414535522462,212.8134874979655,1,1.0,0.0118245491262432
2017-12-12,200.99269104003906,215.06559982299805,212.91534169514975,1,1.0,-0.011686363151056312
2017-12-13,197.59759521484375,214.0131042480469,212.90402526855468,1,1.0,-0.016891638236332662
2017-12-14,196.57904052734375,212.9606086730957,212.87007420857748,1,1.0,-0.00515469171774352
2017-12-15,193.52337646484375,211.44976806640625,212.77953669230143,-1,1.0,-0.015544200715919998
2017-12-18,195.220947265625,210.3463447570801,212.75124333699543,-1,-1.0,-0.008771915991707901
2017-12-19,199.63465881347656,209.39570236206055,212.75690180460612,-1,-1.0,-0.022608801000469025
2017-12-20,198.61610412597656,208.22437591552733,212.83046340942383,-1,-1.0,0.005102093461895607
2017-12-21,196.91854858398438,206.96817169189453,212.88139063517252,-1,-1.0,0.008546917932271358
2017-12-22,197.25804138183594,205.7628936767578,212.97758611043295,-1,-1.0,-0.0017240265088931395
2017-12-25,194.88143920898438,204.28600540161133,212.97192764282227,-1,-1.0,0.01204818904315863
2017-12-26,190.12828063964844,202.55448226928712,212.84743906656902,-1,-1.0,0.024390001370211634
2017-12-27,192.16531372070312,200.80598068237305,212.83046290079753,-1,-1.0,-0.01071399306931875
2017-12-28,194.20240783691406,199.44792098999022,212.80782826741537,-1,-1.0,-0.010600737858298848
2017-12-29,199.63465881347656,198.7349380493164,212.87573115030924,-1,-1.0,-0.027972109290860914
2018-01-02,197.93707275390625,197.7673210144043,212.94929275512695,-1,-1.0,0.008503463625303742
2018-01-03,204.04835510253906,197.1731719970703,213.0568054199219,-1,-1.0,-0.030874874845860267
2018-01-04,208.4620361328125,197.86917724609376,213.06812286376953,-1,-1.0,-0.021630564128073848
2018-01-05,203.70883178710938,198.29357147216797,213.02851257324218,-1,-1.0,0.02280129482509141
2018-01-08,202.3507843017578,198.3614761352539,212.75690053304035,-1,-1.0,0.006666610737676937
2018-01-09,206.42495727539062,198.51425704956054,212.5079231262207,-1,-1.0,-0.020134208956448463
2018-01-10,210.15960693359375,198.97260284423828,212.37777608235677,-1,-1.0,-0.018092045203723872
2018-01-11,207.78298950195312,199.48187255859375,212.2815798441569,-1,-1.0,0.011308630932068686
2018-01-12,210.15960693359375,200.16090087890626,212.2023597717285,-1,-1.0,-0.011437978813074512
2018-01-15,212.53619384765625,201.11154174804688,212.2023597717285,-1,-1.0,-0.011308485720633588
2018-01-16,211.85719299316406,201.94335403442383,212.1061637878418,-1,-1.0,0.0031947539955424764
2018-01-17,208.12255859375,202.3677490234375,211.93640696207683,-1,-1.0,0.017628074584819853
2018-01-18,216.9498748779297,203.28443756103516,211.84021072387696,-1,-1.0,-0.04241402923270021
2018-01-19,216.6103973388672,204.2690299987793,211.61952590942383,-1,-1.0,0.0015647740716767666
2018-01-22,216.6103973388672,205.23664779663085,211.4950373331706,-1,-1.0,-0.0
2018-01-23,215.93133544921875,206.28914260864258,211.3083038330078,-1,-1.0,0.0031349459582317163
2018-01-24,208.8015594482422,207.22280654907226,210.91220296223958,-1,-1.0,0.03301871859470484
2018-01-25,207.4434814453125,207.98671493530273,210.54439493815104,-1,-1.0,0.006504156417789231
2018-01-26,209.14108276367188,208.73364868164063,210.2275146484375,-1,-1.0,-0.00818344016660233
2018-01-29,209.14108276367188,209.2089698791504,209.92195205688478,-1,-1.0,-0.0
2018-01-30,203.02980041503906,209.46360626220704,209.59375457763673,-1,-1.0,0.029220860234038915
2018-01-31,203.02980041503906,209.41267852783204,209.1580436706543,1,-1.0,-0.0
2018-02-01,208.4620361328125,209.41267852783204,208.82418721516927,1,1.0,0.026755854099588916
2018-02-02,206.76446533203125,209.56546020507812,208.5242825826009,1,1.0,-0.008143309123679998
2018-02-05,203.02980041503906,209.5994110107422,208.2187192281087,1,1.0,-0.018062411793026922
2018-02-06,194.54193115234375,209.00525970458983,207.86788736979167,1,1.0,-0.04180602672782108
2018-02-07,193.1838836669922,208.15647354125977,207.39822540283203,1,1.0,-0.0069807443429154015
2018-02-08,194.20240783691406,207.47744445800782,206.99080708821614,1,1.0,0.005272304037937214
2018-02-09,192.16531372070312,206.57772979736328,206.56641311645507,1,1.0,-0.010489540984072843
2018-02-12,193.52337646484375,205.62708892822266,206.06279958089192,-1,1.0,0.007067158572199306
2018-02-21,206.76446533203125,205.37245254516603,205.88738377888998,-1,-1.0,-0.06842113396875815
2018-02-22,205.06689453125,205.21966934204102,205.66104024251302,-1,-1.0,0.008210167051940997
2018-02-23,204.04835510253906,204.5745933532715,205.36113560994465,-1,-1.0,0.00496686425685211
2018-02-26,201.33221435546875,203.81068420410156,205.01596196492514,-1,-1.0,0.013311260194699415
2018-02-27,204.3878631591797,203.19955749511718,204.73303298950196,-1,-1.0,-0.015177147946706215
2018-03-01,203.3693389892578,202.57145767211915,204.38220189412434,-1,-1.0,0.004983290857777822
2018-03-02,205.40640258789062,202.40169982910157,204.05966288248698,-1,-1.0,-0.010016571862587531
2018-03-05,200.31369018554688,202.0452102661133,203.61263529459634,-1,-1.0,0.024793347910197938
2018-03-06,204.3878631591797,201.80754928588868,203.32970631917317,-1,-1.0,-0.020338964200893983
2018-03-07,203.70883178710938,201.53593673706055,203.15994822184246,-1,-1.0,0.00332226856122797
2018-03-08,210.15960693359375,201.89242706298828,203.04111811319987,-1,-1.0,-0.03166664444488054
2018-03-09,210.83865356445312,202.282869720459,202.95624008178712,-1,-1.0,-0.0032310996426345717
2018-03-12,215.25234985351562,202.62238540649415,203.30141372680663,-1,-1.0,-0.020933999598480746
2018-03-13,216.6103973388672,203.11468200683595,203.65790456136068,-1,-1.0,-0.006309094819525685
2018-03-14,212.875732421875,203.60697860717772,203.85595525105794,-1,-1.0,0.017241392670314215
2018-03-15,215.93133544921875,204.67644882202148,204.06532185872396,1,-1.0,-0.01435392842847949
2018-03-16,215.25234985351562,205.77987213134764,204.30298283894857,1,1.0,-0.0031444514261470546
2018-03-19,226.79583740234375,207.40954360961913,204.78962020874025,1,1.0,0.05362769584947036
2018-03-20,232.56761169433594,209.42965850830078,205.3894297281901,1,1.0,0.02544920734921985
2018-03-21,228.15390014648438,211.16118469238282,205.96660512288412,1,1.0,-0.018978186668797692
2018-03-22,228.15390014648438,212.23065643310548,206.51548767089844,1,1.0,0.0
2018-03-23,222.72164916992188,213.11339416503907,206.90027084350587,1,1.0,-0.023809590688893656
2018-03-26,235.62326049804688,214.69213943481446,207.51705678304037,1,1.0,0.05792706446009621
2018-03-27,232.56761169433594,216.2539093017578,208.11120783487956,1,1.0,-0.01296836652396749
2018-03-28,226.1168212890625,217.34035720825196,208.5921875,1,1.0,-0.027737268995786546
2018-03-29,224.7587432861328,218.4098274230957,209.09014256795248,1,1.0,-0.006006090105050377
2018-03-30,230.8699951171875,219.68300704956056,209.76917114257813,1,1.0,0.027190274076566823
2018-04-02,228.49342346191406,221.0919937133789,210.37463963826497,1,1.0,-0.010293982351700204
2018-04-03,222.72164916992188,222.00868301391603,210.84996032714844,1,1.0,-0.025260133112558703
2018-04-09,222.38218688964844,222.94235076904297,211.22908579508464,1,1.0,-0.0015241548432252117
2018-04-10,222.04263305664062,223.5365020751953,211.63084513346354,1,1.0,-0.0015268931282536036
2018-04-11,230.19094848632812,224.50411682128907,212.06655502319336,1,1.0,0.036697076221434255
2018-04-12,225.09828186035156,224.99641342163085,212.343825785319,1,1.0,-0.02212366150565226
2018-04-13,228.15390014648438,225.5735885620117,212.7512435913086,1,1.0,0.0135745962202789
2018-04-16,232.22805786132812,226.54120483398438,213.24919815063475,1,1.0,0.017857059257930574
2018-04-17,230.8699951171875,227.28813781738282,213.65661544799804,1,1.0,-0.005847970123194934
2018-04-18,245.8086700439453,228.8159538269043,214.25076649983723,1,1.0,0.0647060044297878
2018-04-19,244.7901153564453,229.71566772460938,214.86755193074544,1,1.0,-0.004143689021700925
2018-04-20,240.71592712402344,230.12308349609376,215.37682393391927,1,1.0,-0.016643597828651435
2018-04-23,237.99981689453125,230.6153793334961,215.80121765136718,1,1.0,-0.011283467039107764
2018-04-24,231.88856506347656,230.8021125793457,216.13507385253905,1,1.0,-0.025677548456950583
2018-04-25,228.83291625976562,231.1076759338379,216.480246480306,1,1.0,-0.013177229342354546
2018-04-26,219.66603088378906,230.309814453125,216.5255157470703,1,1.0,-0.040059295340057366
2018-04-27,230.5304718017578,230.20795745849608,216.75751698811848,1,1.0,0.049458903018630096
2018-04-30,230.8699951171875,230.44561614990235,216.99517695109049,1,1.0,0.0014727914829484323
2018-05-02,224.7587432861328,230.44561614990235,217.14230041503907,1,1.0,-0.026470533028567278
2018-05-03,217.28941345214844,229.7665870666504,217.2837646484375,1,1.0,-0.03323265526749908
2018-05-04,221.0240936279297,229.39312057495118,217.51010818481444,1,1.0,0.017187584597183836
2018-05-07,216.2708740234375,229.07058181762696,217.6289380391439,1,1.0,-0.021505436472883943
2018-05-08,220.68455505371094,228.98570022583007,217.82132924397786,1,1.0,0.0204081157493039
2018-05-09,222.72164916992188,229.01965103149413,218.1495267232259,1,1.0,0.009230796036973077
2018-05-10,223.7401885986328,228.69711303710938,218.49469985961915,1,1.0,0.004573149635461959
2018-05-11,216.9498748779297,228.2896926879883,218.63616383870442,1,1.0,-0.030349101621990004
2018-05-14,217.28941345214844,227.7464683532715,218.81157964070638,1,1.0,0.0015650554046633403
2018-05-15,216.6103973388672,226.96558532714843,219.03792292277018,1,1.0,-0.0031249387740226453
2018-05-16,216.6103973388672,226.25260543823242,219.40573069254557,1,1.0,0.0
2018-05-17,210.4991455078125,224.48712921142578,219.69431838989257,1,1.0,-0.02821310475458938
2018-05-18,212.53619384765625,222.87443313598632,219.9998814900716,1,1.0,0.009677228546127958
2018-05-21,213.21522521972656,221.4993980407715,220.35071334838867,1,1.0,0.003194897583218337
2018-05-22,217.6289520263672,220.4808547973633,220.75247294108073,-1,1.0,0.020700805029716385
2018-05-23,217.28941345214844,219.7508972167969,220.9278887430827,-1,-1.0,0.0015601718937543474
2018-05-24,218.6475067138672,219.24162673950195,221.15423227945965,-1,-1.0,-0.006250158441418074
2018-05-25,220.0055389404297,219.25860214233398,221.4201853434245,-1,-1.0,-0.0062110574548635
2018-05-28,216.2708740234375,218.54562225341797,221.6691630045573,-1,-1.0,0.01697532223497067
2018-05-29,213.89431762695312,217.69683837890625,221.8276039123535,-1,-1.0,0.010988795450222466
2018-05-30,210.4991455078125,216.98385848999024,221.9464340209961,-1,-1.0,0.0158731291079085
2018-05-31,211.51766967773438,216.69527130126954,222.04828847249348,-1,-1.0,-0.00483861427306409
2018-06-01,216.6103973388672,216.4745864868164,222.31990025838215,-1,-1.0,-0.024077079087019282
2018-06-04,223.7401885986328,216.84805221557616,222.64243901570637,-1,-1.0,-0.032915277139775156
2018-06-05,220.68455505371094,216.84805221557616,222.9253677368164,-1,-1.0,0.013657061630547584
2018-06-06,224.7587432861328,216.9499069213867,223.1686866760254,-1,-1.0,-0.01846159207394593
2018-06-07,224.7587432861328,217.0008346557617,223.40068817138672,-1,-1.0,-0.0
2018-06-08,224.0797119140625,217.35732650756836,223.54781087239584,-1,-1.0,0.0030211566506485044
2018-06-11,225.7772674560547,217.78171920776367,223.70059204101562,-1,-1.0,-0.007575677099420863
2018-06-12,220.0055389404297,217.95147628784179,223.8194221496582,-1,-1.0,0.025563815970748305
2018-06-13,217.6289520263672,218.0024040222168,223.84771575927735,-1,-1.0,0.010802395819252575
2018-06-14,213.89431762695312,218.17216262817382,223.82508188883463,-1,-1.0,0.017160558669425452
2018-06-15,213.89431762695312,218.24006881713868,223.61005655924478,-1,-1.0,-0.0
2018-06-19,211.85719299316406,218.17216720581055,223.26488291422527,-1,-1.0,0.00952397733792043
2018-06-20,210.4991455078125,217.8156768798828,222.97063700358072,-1,-1.0,0.006410202392303832
2018-06-21,211.85719299316406,217.5440658569336,222.69902521769205,-1,-1.0,-0.006451558186022055
2018-06-22,210.83865356445312,217.15362319946288,222.50097529093424,-1,-1.0,0.004807669800212078
2018-06-25,210.4991455078125,216.67830352783204,222.082240041097,-1,-1.0,0.0016102742590169417
2018-06-26,201.33221435546875,215.9313705444336,221.56165008544923,-1,-1.0,0.04354854329802271
2018-06-27,201.33221435546875,215.3032653808594,221.14857330322266,-1,-1.0,-0.0
2018-06-28,201.6717529296875,214.8618957519531,220.76379013061523,-1,-1.0,-0.0016864592450132054
2018-06-29,203.70883178710938,214.47145385742186,220.31110407511395,-1,-1.0,-0.010100962717034978
2018-07-02,207.10398864746094,213.99613342285156,219.95461349487306,-1,-1.0,-0.01666671410643472
2018-07-03,206.76446533203125,213.1473472595215,219.68866043090821,-1,-1.0,0.001639385690478612
2018-07-04,202.3507843017578,212.23065872192382,219.35480372111002,-1,-1.0,0.02134641957546124
2018-07-05,191.14678955078125,210.55006103515626,218.83987299601236,-1,-1.0,0.05536916888974586
2018-07-06,193.52337646484375,208.9882926940918,218.2287467956543,-1,-1.0,-0.012433308033306556
2018-07-09,191.7640838623047,207.3725112915039,217.67317682902018,-1,-1.0,0.009090853181029868
2018-07-10,197.04200744628906,205.9357482910156,217.15464528401694,-1,-1.0,-0.02752300367035443
2018-07-11,194.2270965576172,204.646826171875,216.52129592895508,-1,-1.0,0.014285841507370889
2018-07-12,199.15316772460938,203.7230369567871,215.99268213907877,-1,-1.0,-0.02536243013616213
2018-07-13,200.56060791015625,203.05635147094728,215.2385477701823,-1,-1.0,-0.0070671242723745475
2018-07-16,198.80130004882812,202.30170059204102,214.47206751505533,-1,-1.0,0.00877195118054408
2018-07-17,200.9124755859375,201.75446472167968,213.80867665608724,-1,-1.0,-0.010619525810901864
2018-07-18,197.7457275390625,201.11679382324218,213.1377751668294,-1,-1.0,0.01576182881446042
2018-07-19,199.85687255859375,200.51677780151368,212.6039136250814,-1,-1.0,-0.010676058824655055
2018-07-20,197.04200744628906,199.82694549560546,212.07406514485677,-1,-1.0,0.01408440488569851
2018-07-23,191.0603790283203,198.85500717163086,211.59730428059896,-1,-1.0,0.030357122805903525
2018-07-24,179.44895935058594,197.7608444213867,210.7459457397461,-1,-1.0,0.060773561409156684
2018-07-25,184.7268829345703,196.9305778503418,209.9768938700358,-1,-1.0,-0.029411837232630633
2018-07-26,185.0787353515625,196.10092697143554,209.31556040445963,-1,-1.0,-0.0019047169064008163
2018-07-27,188.24546813964844,195.3277587890625,208.8314946492513,-1,-1.0,-0.017110192492241882
2018-07-30,182.96755981445312,194.1209373474121,208.19721908569335,-1,-1.0,0.0280373725718589
2018-07-31,178.74525451660156,192.71997680664063,207.57179209391276,-1,-1.0,0.023076797341197497
2018-08-01,193.5233917236328,192.2786071777344,207.11910603841145,-1,-1.0,-0.08267708839038668
2018-08-02,189.30105590820312,192.18632049560546,206.56209615071614,-1,-1.0,0.021818219378148984
2018-08-03,192.81967163085938,192.15113525390626,206.04675420125326,-1,-1.0,-0.0185874067409455
2018-08-06,192.11593627929688,192.16872787475586,205.6328552246094,-1,-1.0,0.0036497072399840347
2018-08-07,193.875244140625,192.01038970947266,205.24261906941732,-1,-1.0,-0.009157532141271574
2018-08-08,195.28268432617188,192.06316909790038,204.88715718587238,-1,-1.0,-0.007259514703826797
2018-08-09,193.5233917236328,191.78168029785155,204.50237375895182,-1,-1.0,0.009008953398042197
2018-08-10,193.17153930664062,191.41222686767577,204.2135803222656,-1,-1.0,0.0018181389539444481
2018-08-13,185.43060302734375,190.74369201660156,203.7618204752604,-1,-1.0,0.04007286118380471
2018-08-14,186.48619079589844,190.02237777709962,203.31633656819662,-1,-1.0,-0.0056926297564756645
2018-08-15,182.96755981445312,189.28346939086913,202.73864669799804,-1,-1.0,0.01886805112179224
2018-08-16,174.17105102539062,187.999178314209,202.02000732421874,-1,-1.0,0.04807687656753479
2018-08-17,173.81919860839844,186.83803787231446,201.27286885579426,-1,-1.0,0.00202015441096981
2018-08-20,173.81919860839844,185.97597885131836,200.5030965169271,-1,-1.0,-0.0
2018-08-21,172.7635955810547,185.6417106628418,199.77797520955403,-1,-1.0,0.006072994443622637
2018-08-22,174.17105102539062,185.11391906738282,199.11592076619465,-1,-1.0,-0.008146713082708423
2018-08-23,178.04151916503906,184.76205825805664,198.57496032714843,-1,-1.0,-0.02222222416906816
2018-08-24,175.93035888671875,184.14630279541015,197.98183848063152,-1,-1.0,0.011857685152435349
2018-08-27,174.17105102539062,183.70647735595702,197.27451604207357,-1,-1.0,0.0100000242849555
2018-08-28,177.33779907226562,183.63610458374023,196.5011428833008,-1,-1.0,-0.01818182773906174
2018-08-29,180.15267944335938,182.96756896972656,195.82561162312825,-1,-1.0,-0.015872985826031805
2018-08-30,180.15267944335938,182.51015014648436,195.0821772257487,-1,-1.0,-0.0
2018-08-31,176.98593139648438,181.7184631347656,194.28596369425455,-1,-1.0,0.01757813459483204
2018-09-03,175.5784912109375,180.89159088134767,193.47761001586915,-1,-1.0,0.007952271541820544
2018-09-04,178.3933868408203,180.11749801635742,192.6878786722819,-1,-1.0,-0.016032121078549677
2018-09-05,178.74525451660156,179.2906265258789,192.0002072652181,-1,-1.0,-0.001972425559111146
2018-09-06,179.44895935058594,178.58690490722657,191.36387405395507,-1,-1.0,-0.003936914777891376
2018-09-07,174.52291870117188,177.65447387695312,190.70768407185872,-1,-1.0,0.027450929039884553
2018-09-10,170.65245056152344,176.91556625366212,189.9869862874349,-1,-1.0,0.022177420412477056
2018-09-11,171.70802307128906,176.17665786743163,189.31783345540364,-1,-1.0,-0.006185510411906181
2018-09-12,171.70802307128906,175.61368103027343,188.67131474812825,-1,-1.0,-0.0
2018-09-13,170.3005828857422,175.420157623291,187.97870457967122,-1,-1.0,0.008196706015085486
2018-09-14,172.7635955810547,175.36737747192382,187.34412027994793,-1,-1.0,-0.014462737904807899
2018-09-17,171.35617065429688,175.24422607421874,186.69173736572264,-1,-1.0,0.008146536439139429
2018-09-18,172.05990600585938,175.20904159545898,186.20386555989583,-1,-1.0,-0.004106857365424377
2018-09-19,172.41172790527344,175.12107543945314,185.72185745239258,-1,-1.0,-0.0020447639870389
2018-09-20,167.48570251464844,174.5932846069336,185.15208994547527,-1,-1.0,0.028571289496799546
2018-09-21,171.00430297851562,174.34698181152345,184.60701446533204,-1,-1.0,-0.021008363167951183
2018-09-25,171.35617065429688,174.20623779296875,184.0112174987793,-1,-1.0,-0.002057653928307701
2018-09-26,169.94871520996094,173.8367835998535,183.39762166341146,-1,-1.0,0.008213625683637704
2018-09-27,169.94871520996094,173.3265853881836,182.8575871785482,-1,-1.0,-0.0
2018-09-28,173.4673309326172,172.9923179626465,182.56292953491212,-1,-1.0,-0.020703985424715965
2018-10-01,175.93035888671875,172.9395393371582,182.26971257527669,-1,-1.0,-0.01419880009025043
2018-10-02,172.41172790527344,172.781201171875,181.94717330932616,-1,-1.0,0.020000135301894928
2018-10-03,173.11544799804688,172.51730422973634,181.54839731852215,-1,-1.0,-0.004081625428405067
2018-10-04,170.3005828857422,172.09507064819337,181.14962209065754,-1,-1.0,0.01626004579519935
2018-10-05,165.02267456054688,171.3737564086914,180.58078053792318,-1,-1.0,0.030991722023267276
2018-10-08,164.31895446777344,170.8635581970215,179.97675298055012,-1,-1.0,0.004264384240816765
2018-10-09,160.80035400390625,170.37095336914064,179.34340387980143,-1,-1.0,0.02141323546795848
2018-10-11,148.13333129882812,169.19221878051758,178.46375147501627,-1,-1.0,0.07877484339848162
2018-10-12,154.81869506835938,168.3477523803711,177.7483009338379,-1,-1.0,-0.04513071913602573
2018-10-15,155.52243041992188,167.60884475708008,177.00939356486003,-1,-1.0,-0.0045455450406151066
2018-10-16,156.2261505126953,166.7819725036621,176.32912928263346,-1,-1.0,-0.004524878442764502
2018-10-17,157.98545837402344,166.11343688964843,175.77788060506185,-1,-1.0,-0.01126128919873226
2018-10-18,158.3373260498047,165.42730789184571,175.42602005004883,-1,-1.0,-0.002227215589350129
2018-10-19,156.5780029296875,164.6356216430664,174.95687204996744,-1,-1.0,0.011111234249110646
2018-10-22,155.87429809570312,164.05505142211913,174.47013142903646,-1,-1.0,0.004494276468070546
2018-10-23,150.59637451171875,163.0346549987793,173.84264653523763,-1,-1.0,0.03386012734917887
2018-10-24,150.59637451171875,161.99666519165038,173.30312678019206,-1,-1.0,-0.0
2018-10-25,147.781494140625,160.8883041381836,172.7870641072591,-1,-1.0,0.018691554695260626
2018-10-26,142.15171813964844,159.49845428466796,171.93086954752604,-1,-1.0,0.03809527054598194
2018-10-29,146.37405395507812,158.143790435791,171.21541951497395,-1,-1.0,-0.029703023436422393
2018-10-30,145.6703338623047,156.63078918457032,170.4295972188314,-1,-1.0,0.004807683286475073
2018-10-31,160.09661865234375,156.01503372192383,169.89594192504882,-1,-1.0,-0.09903378682220598
2018-11-01,157.28173828125,155.22334823608398,169.28605016072592,-1,-1.0,0.017582384904745396
2018-11-02,160.09661865234375,154.71315002441406,168.6996157328288,-1,-1.0,-0.01789705786478657
2018-11-05,161.85592651367188,154.5548126220703,168.17182464599608,-1,-1.0,-0.010989038220404534
2018-11-06,161.85592651367188,154.43166122436523,167.64989776611327,-1,-1.0,-0.0
2018-11-07,165.37452697753906,154.66036987304688,167.31562983194988,-1,-1.0,-0.021739089446131343
2018-11-08,165.37452697753906,155.5224296569824,166.96376876831056,-1,-1.0,-0.0
2018-11-09,160.80035400390625,155.82151260375977,166.59431533813478,-1,-1.0,0.027659477292135026
2018-11-12,165.02267456054688,156.29652481079103,166.44184239705405,-1,-1.0,-0.026258154609150042
2018-11-13,162.55963134765625,156.61319885253906,166.25418294270833,-1,-1.0,0.014925483540063067
2018-11-14,161.85592651367188,156.80672225952148,166.0547950744629,-1,-1.0,0.004328902742645857
2018-11-15,162.9114990234375,157.03543090820312,165.89059346516927,-1,-1.0,-0.006521679696890548
2018-11-16,154.81869506835938,156.9474655151367,165.56805419921875,-1,-1.0,0.049676075682747456
2018-11-19,157.28173828125,157.01783752441406,165.2220578511556,-1,-1.0,-0.015909210523981532
2018-11-20,158.3373260498047,157.40488510131837,164.92884063720703,-1,-1.0,-0.006711445207116862
2018-11-21,156.9298858642578,157.7215606689453,164.6414878845215,-1,-1.0,0.008888871756645433
2018-11-22,156.5780029296875,158.16138610839843,164.29549128214518,-1,-1.0,0.002242293955879715
2018-11-23,156.2261505126953,158.86510772705077,163.89671579996744,-1,-1.0,0.0022471382340352175
2018-11-26,160.44847106933594,159.56882858276367,163.56831232706705,-1,-1.0,-0.02702697687156741
2018-11-27,163.2633514404297,160.44847946166993,163.3396026611328,-1,-1.0,-0.017543827948833135
2018-11-28,166.4300994873047,160.76515350341796,163.18712946573893,-1,-1.0,-0.019396564011063155
2018-11-29,162.9114990234375,161.04664154052733,162.9290980021159,-1,-1.0,0.02114161125124836
2018-11-30,167.1338348388672,161.39850234985352,162.7355743408203,-1,-1.0,-0.02591797289166342
2018-12-03,172.7635955810547,161.94388580322266,162.62415161132813,-1,-1.0,-0.03368414748345305
2018-12-04,177.33779907226562,162.71797943115234,162.6710662841797,1,-1.0,-0.02647666295567963
2018-12-05,172.05990600585938,163.05224838256837,162.69452387491862,1,1.0,-0.02976180540199158
2018-12-06,161.5040740966797,162.85872573852538,162.52445805867512,1,1.0,-0.06134974820235117
2018-12-07,164.31895446777344,163.03465576171874,162.40130691528321,1,1.0,0.017429160142478528
2018-12-10,161.1522216796875,162.84113311767578,162.24883422851562,1,1.0,-0.019271865490764206
2018-12-11,160.44847106933594,162.73557510375977,162.0435821533203,1,1.0,-0.004366992915247336
2018-12-12,163.9670867919922,162.84113311767578,161.92043075561523,1,1.0,0.021929880036910543
2018-12-13,167.1338348388672,163.05224990844727,161.8383295694987,1,1.0,0.019313315305115486
2018-12-14,166.07826232910156,163.61522827148437,161.73277180989584,1,1.0,-0.006315732004733232
2018-12-17,165.37452697753906,164.01986770629884,161.697585550944,1,1.0,-0.0042373718371883085
2018-12-18,165.02267456054688,164.35413513183593,161.59789174397787,1,1.0,-0.0021276095141301576
2018-12-19,166.07826232910156,164.81155395507812,161.50992660522462,1,1.0,0.006396622593626722
2018-12-20,158.3373260498047,164.89952011108397,161.31640345255533,1,1.0,-0.04661017143807411
2018-12-21,157.28173828125,164.95229949951172,161.10528717041015,1,1.0,-0.006666702001918656
2018-12-24,158.3373260498047,164.84674224853515,160.85312042236328,1,1.0,0.006711445207116862
2018-12-25,155.52243041992188,164.45969619750977,160.51298828125,1,1.0,-0.017777839882160196
2018-12-26,154.81869506835938,163.8791259765625,160.21977106730142,1,1.0,-0.004524976555872806
2018-12-27,158.3373260498047,163.65041732788086,159.97346903483074,1,1.0,0.02272742952581841
2018-12-28,161.5040740966797,163.3689292907715,159.826860555013,1,1.0,0.020000009636886862
2019-01-02,155.1705780029297,162.48927841186523,159.66265894571941,1,1.0,-0.03921570479985936
2019-01-03,157.28173828125,161.48647537231446,159.54537200927734,1,1.0,0.01360541608783894
2019-01-04,152.70755004882812,160.51885757446288,159.41049194335938,1,1.0,-0.02908276753810002
2019-01-07,154.114990234375,160.14940338134767,159.51018625895182,1,1.0,0.009216572363952125
2019-01-08,156.2261505126953,159.74476318359376,159.53364384969075,1,1.0,0.013698604367490264
2019-01-09,159.04103088378906,159.63920364379882,159.5922871907552,1,1.0,0.018017984581044866
2019-01-10,159.04103088378906,159.56883163452147,159.63920186360676,-1,1.0,0.0
2019-01-11,160.09661865234375,159.37530822753905,159.67438786824545,-1,-1.0,-0.006637204013887565
2019-01-14,162.9114990234375,159.16419143676757,159.75062408447266,-1,-1.0,-0.017582384904745396
2019-01-15,163.9670867919922,159.05863265991212,159.87377548217773,-1,-1.0,-0.006479516638680183
2019-01-16,166.78196716308594,159.12900466918944,160.05556996663412,-1,-1.0,-0.017167350022292638
2019-01-17,166.78196716308594,159.21696929931642,160.3253298441569,-1,-1.0,-0.0
2019-01-18,171.70802307128906,159.4984573364258,160.67719065348308,-1,-1.0,-0.029535902423948768
2019-01-21,172.05990600585938,160.18458633422853,161.081830851237,-1,-1.0,-0.002049309800883359
2019-01-22,170.3005828857422,160.8355285644531,161.5509785970052,-1,-1.0,0.010225061497228016
2019-01-23,169.59686279296875,161.39850540161132,161.93802541097006,-1,-1.0,0.004132223629825016
2019-01-24,172.05990600585938,162.2253791809082,162.37785161336262,-1,-1.0,-0.014522929093902626
2019-01-25,174.52291870117188,163.21059036254883,162.61828994750977,1,-1.0,-0.014314855520312975
2019-01-28,174.87477111816406,164.0374626159668,162.91150716145833,1,1.0,0.0020160814385339343
2019-01-29,172.7635955810547,164.60043869018554,163.12262344360352,1,1.0,-0.012072499215354693
2019-01-30,171.00430297851562,165.39212493896486,163.27509638468425,1,1.0,-0.010183236790262673
2019-02-11,182.61570739746094,166.6588233947754,163.6210927327474,1,1.0,0.06790124117756347
2019-02-12,181.20826721191406,168.0838592529297,163.8849884033203,1,1.0,-0.007707114604789123
2019-02-13,182.2638397216797,169.4913017272949,164.16647694905598,1,1.0,0.005825189578857248
2019-02-14,179.80081176757812,170.67003479003907,164.4831512451172,1,1.0,-0.013513530483406089
2019-02-15,177.33779907226562,171.5848731994629,164.6884033203125,1,1.0,-0.013698562710030227
2019-02-18,178.3933868408203,172.55249099731446,164.95229924519856,1,1.0,0.005952412706579979
2019-02-19,175.93035888671875,173.34417800903321,165.18687311808267,1,1.0,-0.013806722310280017
2019-02-20,179.80081176757812,174.18864364624022,165.46836166381837,1,1.0,0.021999914655727704
2019-02-21,182.2638397216797,175.1034812927246,165.9257807413737,1,1.0,0.013698647574992284
2019-02-22,185.78245544433594,176.05350570678712,166.4007926940918,1,1.0,0.01930506746719063
2019-02-25,198.80130004882812,177.65447235107422,167.0751922607422,1,1.0,0.07007574839806607
2019-02-26,194.5789794921875,178.79802017211915,167.70267715454102,1,1.0,-0.021238898113863258
2019-02-27,197.04200744628906,180.04712524414063,168.3770772298177,1,1.0,0.012658242737882519
2019-03-04,194.9308319091797,181.2786376953125,169.02215525309245,1,1.0,-0.01071434241089353
2019-03-05,192.11593627929688,182.40459136962892,169.54994633992513,1,1.0,-0.01444048436213674
2019-03-06,197.04200744628906,183.6536964416504,170.1129239400228,1,1.0,0.025641137650500356
2019-03-07,192.81967163085938,184.56853408813475,170.55275014241536,1,1.0,-0.02142860738251784
2019-03-08,188.24546813964844,185.237068939209,170.97498296101887,1,1.0,-0.023722701384783718
2019-03-11,190.00479125976562,186.09912872314453,171.35616556803384,1,1.0,0.009345898934533858
2019-03-12,190.35662841796875,187.06674499511718,171.6493827819824,1,1.0,0.001851727821547966
2019-03-13,192.11593627929688,187.541756439209,171.89568506876628,1,1.0,0.009242167588013661
2019-03-14,191.7640838623047,188.0695472717285,172.22408803304037,1,1.0,-0.001831458773314143
2019-03-15,194.2270965576172,188.6677101135254,172.76947174072265,1,1.0,0.01284397289474204
2019-03-18,195.6345672607422,189.4593978881836,173.29139862060546,1,1.0,0.007246520841171389
2019-03-19,193.875244140625,190.28627014160156,173.83678232828777,1,1.0,-0.008992905214814884
2019-03-20,193.17153930664062,191.0251777648926,174.3821667989095,1,1.0,-0.0036296786477491016
2019-03-21,195.28268432617188,191.99279403686523,174.90409342447916,1,1.0,0.010928861607195861
2019-03-22,199.85687255859375,192.995597076416,175.4494773864746,1,1.0,0.02342341948138027
2019-03-25,194.5789794921875,193.6113540649414,175.92448933919272,1,1.0,-0.026408364139986706
2019-03-26,197.7457275390625,194.20951766967772,176.46400934855143,1,1.0,0.016274872317346922
2019-03-27,196.69012451171875,194.10395889282228,176.99180018107097,1,1.0,-0.005338183739697855
2019-03-28,194.5789794921875,194.10395889282228,177.46681213378906,1,1.0,-0.010733355448180992
2019-03-29,198.80130004882812,194.19192352294922,178.14121170043944,1,1.0,0.021699777476786197
2019-04-01,200.9124755859375,194.49100570678712,178.86839065551757,1,1.0,0.010619525810901864
2019-04-02,204.43106079101562,195.10676193237305,179.6366195678711,1,1.0,0.017513024986709258
2019-04-03,204.43106079101562,195.47621459960936,180.45176340738934,1,1.0,0.0
2019-04-08,207.24595642089844,196.19752883911133,181.3255510965983,1,1.0,0.013769412627371747
2019-04-09,210.76458740234375,197.3234848022461,182.1993387858073,1,1.0,0.01697804407000958
2019-04-10,211.11642456054688,198.37906646728516,183.0262112935384,1,1.0,0.0016693371620892794
2019-04-11,205.134765625,199.11797332763672,183.85894775390625,1,1.0,-0.02833346078116894
2019-04-12,206.542236328125,199.83928833007812,184.6799560546875,1,1.0,0.006861200239933751
2019-04-15,208.6533966064453,200.68375396728516,185.61238683064778,1,1.0,0.010221445820729924
2019-04-16,211.11642456054688,201.52822036743163,186.562410736084,1,1.0,0.011804399037640634
2019-04-17,203.02362060546875,201.89767303466797,187.34236857096354,1,1.0,-0.038333369712583165
2019-04-18,204.78292846679688,202.44305725097655,188.10473353068033,1,1.0,0.008665532887658145
2019-04-19,204.0792236328125,202.98844146728516,188.8553700764974,1,1.0,-0.003436345203445379
2019-04-22,203.37547302246094,203.3930809020996,189.57668431599936,1,1.0,-0.0034484186965438868
2019-04-23,204.0792236328125,203.60419845581055,190.26281305948893,1,1.0,0.0034603514371362998
2019-04-24,203.72735595703125,204.06161727905274,190.92548421223958,1,1.0,-0.0017241719637974828
2019-04-25,202.67176818847656,204.30791931152345,191.52364756266277,1,1.0,-0.005181374703441044
2019-04-26,204.0792236328125,204.67737426757813,192.14526850382487,1,1.0,0.00694450666176194
2019-04-29,202.3199005126953,205.0644203186035,192.65546646118165,1,1.0,-0.008620785050038382
2019-04-30,207.94967651367188,205.5218391418457,193.2536293029785,1,1.0,0.027826110959476846
2019-05-02,209.70896911621094,205.96166381835937,193.910435740153,1,1.0,0.008460184367843349
2019-05-03,217.4499053955078,206.61260604858398,194.7079864501953,1,1.0,0.036912757293691145
2019-05-06,215.33876037597656,207.15799102783203,195.42930068969727,1,1.0,-0.009708649979366046
2019-05-07,218.85733032226562,207.7385597229004,196.16820755004883,1,1.0,0.0163396963005904
2019-05-08,218.15362548828125,208.10801162719727,196.88952178955077,1,1.0,-0.0032153587588232835
2019-05-09,211.11642456054688,208.10801162719727,197.52873560587565,1,1.0,-0.03225800585245098
2019-05-10,210.06082153320312,208.35431442260742,198.1796775817871,1,1.0,-0.0050000990190178785
2019-05-13,201.61618041992188,208.10801162719727,198.49635213216146,1,1.0,-0.04020093348033704
2019-05-14,203.37547302246094,207.84411544799804,198.86580556233724,1,1.0,0.008725949469307714
2019-05-15,204.0792236328125,207.49225540161132,199.22939529418946,1,1.0,0.0034603514371362998
2019-05-16,202.67176818847656,207.47466278076172,199.61057790120444,1,1.0,-0.006896613086240899
2019-05-17,204.78292846679688,207.47466278076172,200.0679967244466,1,1.0,0.010416647060369044
2019-05-20,204.0792236328125,207.47466278076172,200.49609400431316,1,1.0,-0.003436345203445379
2019-05-21,204.43106079101562,207.52744216918944,200.9711057027181,1,1.0,0.0017240224258994186
2019-05-22,202.3199005126953,207.4394760131836,201.34642384847004,1,1.0,-0.010327003490328224
2019-05-23,205.4866485595703,207.52744064331054,201.73347066243488,1,1.0,0.015652182701010542
2019-05-24,201.96804809570312,207.49225463867188,202.00323053995768,1,1.0,-0.017123255883202293
2019-05-27,197.7457275390625,207.1755798339844,201.98563766479492,1,1.0,-0.020905883858618357
2019-05-28,197.39385986328125,206.92927780151368,202.03255233764648,1,1.0,-0.001779394579899285
2019-05-29,197.39385986328125,206.40148696899413,202.03841654459634,1,1.0,0.0
2019-05-30,208.6533966064453,206.34870834350585,202.26712595621746,1,1.0,0.05704096748988352
2019-05-31,218.85733032226562,206.41907958984376,202.7128158569336,1,1.0,0.04890375082207088
2019-06-03,220.96852111816406,206.70056762695313,203.11159108479816,1,1.0,0.009646424877749027
2019-06-04,218.85733032226562,206.70056762695313,203.5455520629883,1,1.0,-0.009554260422322658
2019-06-05,220.2647705078125,206.80612487792968,204.07920710245767,1,1.0,0.006430856958158149
2019-06-06,216.04244995117188,207.05242614746095,204.51316808064777,1,1.0,-0.01916929587471572
2019-06-10,222.37596130371094,207.66818313598634,205.04682362874348,1,1.0,0.02931605040569818
2019-06-11,216.7462158203125,208.42468490600587,205.45732828776042,1,1.0,-0.025316340176308794
2019-06-12,217.8017578125,209.1459991455078,205.89128952026368,1,1.0,0.004869944271887805
2019-06-13,217.8017578125,209.83212585449218,206.2842005411784,1,1.0,0.0
2019-06-14,216.04244995117188,210.50065994262695,206.62433191935222,1,1.0,-0.008077565025176092
2019-06-17,211.46829223632812,210.8349281311035,206.91754938761395,1,1.0,-0.021172495108612077
2019-06-18,217.09805297851562,211.48586959838866,207.31632461547852,1,1.0,0.02662224526737056
2019-06-19,217.09805297851562,212.11921920776368,207.67991409301757,1,1.0,0.0
2019-06-20,218.15362548828125,212.91090545654296,207.98485997517903,1,1.0,0.004862192430026502
2019-06-21,220.61666870117188,213.66740646362305,208.41882146199544,1,1.0,0.011290406966089739
2019-06-24,222.0240936279297,214.6702087402344,208.8234608968099,1,1.0,0.006379504028610761
2019-06-25,219.209228515625,215.7433837890625,209.198779296875,1,1.0,-0.012678196615101944
2019-06-26,218.50550842285156,216.79896621704103,209.59755477905273,1,1.0,-0.0032102667279962915
2019-06-27,220.2647705078125,217.94251174926757,209.95527928670248,1,1.0,0.008051339747263464
2019-06-28,220.96852111816406,218.55826797485352,210.28954671223957,1,1.0,0.0031950211953055696
2019-07-01,220.96852111816406,218.66382751464843,210.5651710510254,1,1.0,0.0
2019-07-02,224.48715209960938,218.8397590637207,210.89943923950196,1,1.0,0.015923675298363804
2019-07-03,223.43154907226562,219.0684700012207,211.16919911702473,1,1.0,-0.004702287046143949
2019-07-04,224.48715209960938,219.27958908081055,211.39790852864584,1,1.0,0.004724503015473225
2019-07-05,225.89456176757812,219.77219467163087,211.6442108154297,1,1.0,0.0062694441744455265
2019-07-08,227.3426055908203,220.02052688598633,212.01434148152669,1,1.0,0.006410264204288696
2019-07-09,226.98060607910156,220.5322463989258,212.3549809773763,1,1.0,-0.0015923082731368332
2019-07-10,230.23867797851562,221.15409240722656,212.7147356669108,1,1.0,0.014353965987202733
2019-07-11,233.49679565429688,221.9388442993164,213.08774185180664,1,1.0,0.014151044057355566
2019-07-12,230.23867797851562,222.6486557006836,213.54132614135742,1,1.0,-0.013953586243663274
2019-07-15,227.70462036132812,223.4604721069336,213.9233543395996,1,1.0,-0.011006220325083582
2019-07-16,227.3426055908203,223.97269973754882,214.3110773722331,1,1.0,-0.001589843763088128
2019-07-17,224.44651794433594,224.34012298583986,214.66226145426432,1,1.0,-0.012738868893307442
2019-07-18,218.6543731689453,224.36516036987305,214.90518061319986,1,1.0,-0.02580634722445152
2019-07-19,220.46441650390625,224.35754776000977,215.18413162231445,1,1.0,0.008278102599678538
2019-07-22,223.36048889160156,224.42436752319335,215.5289436340332,1,1.0,0.013136235015250186
2019-07-23,227.70462036132812,224.84913711547853,215.92270024617514,1,1.0,0.01944897009889157
2019-07-24,222.99850463867188,225.07378692626952,216.26734364827473,1,1.0,-0.020667633863504675
2019-07-25,226.61856079101562,225.3914764404297,216.5784917195638,1,1.0,0.016233544517302523
2019-07-26,226.98060607910156,225.69208068847655,216.866352335612,1,1.0,0.0015975976849478268
2019-07-29,230.96273803710938,226.19179153442383,217.091566212972,1,1.0,0.01754393041236324
2019-07-30,235.66885375976562,226.75087661743163,217.43040110270184,1,1.0,0.020376082144904828
2019-07-31,227.70462036132812,226.96453018188475,217.5778559366862,1,1.0,-0.03379417038517962
2019-08-01,227.3426055908203,227.1073028564453,217.73100560506185,1,1.0,-0.001589843763088128
2019-08-02,228.7906494140625,227.25210723876953,218.02557601928712,1,1.0,0.006369434446653832
2019-08-05,225.8945770263672,227.17970581054686,218.2894719441732,1,1.0,-0.012658176350791472
2019-08-06,223.7224884033203,227.0167999267578,218.65791041056315,1,1.0,-0.009615496979342497
2019-08-07,230.23867797851562,227.0167999267578,219.10563049316406,1,1.0,0.029126216240935587
2019-08-08,229.15267944335938,226.79959411621093,219.52352142333984,1,1.0,-0.004716837955687003
2019-08-12,233.85879516601562,226.98059997558593,220.04330520629884,1,1.0,0.02053703117977057
2019-08-13,230.23867797851562,227.1073028564453,220.46756769816082,1,1.0,-0.015479927470463895
2019-08-14,231.32470703125,227.3064079284668,220.92165908813476,1,1.0,0.004716970503260587
2019-08-15,229.15267944335938,227.54171600341797,221.33368606567382,1,1.0,-0.009389518377720063
2019-08-16,233.13478088378906,228.26573638916017,221.84726740519207,1,1.0,0.017377503287776097
2019-08-19,255.5794219970703,230.02148666381837,222.68214696248373,1,1.0,0.09627324171964391
2019-08-20,254.13140869140625,231.5600326538086,223.55153630574543,1,1.0,-0.005665609908455993
2019-08-21,251.23532104492188,232.73656768798827,224.4430295308431,1,1.0,-0.01139602405463036
2019-08-22,249.7872772216797,234.07600631713868,225.31625315348307,1,1.0,-0.005763695236878252
2019-08-23,247.9772186279297,235.14393920898436,226.15930913289387,1,1.0,-0.007246400272595266
2019-08-26,248.33921813964844,236.2118698120117,226.82073949178059,1,1.0,0.0014598095491260565
2019-08-27,250.14927673339844,237.17119674682618,227.34227193196614,1,1.0,0.007288653831277525
2019-08-28,264.99169921875,238.6373390197754,228.07599156697592,1,1.0,0.05933426104273787
2019-08-29,264.62969970703125,240.48359298706055,228.83886439005533,1,1.0,-0.0013660786839210237
2019-08-30,266.0777587890625,242.42035064697265,229.60241419474283,1,1.0,0.005472020274498224
2019-09-02,268.2497863769531,244.3933074951172,230.47253646850587,1,1.0,0.008163130950048947
2019-09-03,263.5436706542969,246.27576217651367,231.1586649576823,1,1.0,-0.017543781809552184
2019-09-04,264.2677307128906,248.3030242919922,231.95069020589193,1,1.0,0.0027474006747956192
2019-09-05,266.0777587890625,250.09497833251953,232.75529022216796,1,1.0,0.006849220944566747
2019-09-06,271.1459045410156,252.19463958740235,233.64435933430988,1,1.0,0.019047611401338482
2019-09-10,273.6799621582031,254.18569793701172,234.60498453776043,1,1.0,0.009345734435771913
2019-09-11,271.1459045410156,256.2310592651367,235.5996114095052,1,1.0,-0.00925920040767425
2019-09-12,271.50787353515625,258.240217590332,236.50644175211588,1,1.0,0.0013349602117478376
2019-09-16,276.5760192871094,260.6113845825195,237.49774119059245,1,1.0,0.018666662170653048
2019-09-17,277.3000793457031,262.81964950561525,238.48351542154947,1,1.0,0.002617942294708131
2019-09-18,276.5760192871094,263.8694793701172,239.41617126464843,1,1.0,-0.0026111065683868118
2019-09-19,275.4900207519531,264.93740997314455,240.30727005004883,1,1.0,-0.003926582420108127
2019-09-20,279.8341369628906,266.36735076904296,241.31768519083658,1,1.0,0.015768688096506
2019-09-23,280.9201965332031,267.92399673461915,242.3579299926758,1,1.0,0.003881083209145819
2019-09-24,280.1961669921875,269.53494415283205,243.3567866007487,1,1.0,-0.0025773495460660323
2019-09-25,275.1279602050781,270.8743812561035,244.25944391886392,1,1.0,-0.018088066091391908
2019-09-26,272.2319030761719,271.9785125732422,245.11383361816405,1,1.0,-0.010526218879199134
2019-09-27,267.16375732421875,272.0871154785156,245.82511037190756,1,1.0,-0.018617016208181236
2019-10-01,272.59393310546875,272.4853271484375,246.6444834391276,1,1.0,0.020325271045878335
2019-10-02,269.3358459472656,272.64823150634766,247.39196166992187,1,1.0,-0.01195216313542291
2019-10-03,274.7659606933594,272.97404022216796,248.20648498535155,1,1.0,0.02016112904316847
2019-10-04,279.110107421875,273.7523620605469,249.06927668253581,1,1.0,0.015810352627208202
2019-10-07,278.0240783691406,274.4401794433594,249.9200012207031,1,1.0,-0.0038910416493547206
2019-10-08,278.3861083984375,275.05559692382815,250.7224583943685,1,1.0,0.0013021535092230252
2019-10-09,269.3358459472656,274.9650939941406,251.3197758992513,1,1.0,-0.03250974879184265
2019-10-14,268.2497863769531,274.69358520507814,251.9532943725586,1,1.0,-0.004032361776772686
2019-10-15,265.7157287597656,274.4220764160156,252.5868128458659,1,1.0,-0.00944663424121639
2019-10-16,260.6476135253906,273.87906341552736,253.14189631144205,1,1.0,-0.019073448372930568
2019-10-17,268.6117858886719,273.4808517456055,253.87798411051432,1,1.0,0.030555324315315158
2019-10-18,267.8878173828125,273.01023864746094,254.69854151407878,1,1.0,-0.002695222413507281
2019-10-21,267.16375732421875,272.5396255493164,255.47686386108398,1,1.0,-0.0027028480267136112
2019-10-22,268.97381591796875,272.2138153076172,256.2370859781901,1,1.0,0.006775090348626112
2019-10-23,269.3358459472656,271.68890075683595,256.9309397379557,1,1.0,0.0013459675547276007
2019-10-24,276.21405029296875,271.4535934448242,257.81786549886067,1,1.0,0.02553764918112611
2019-10-25,274.4040222167969,271.1639862060547,258.61428985595705,1,1.0,-0.006552990603671538
2019-10-28,280.1961669921875,271.41739654541016,259.50121587117513,1,1.0,0.021108089920105044
2019-10-29,284.540283203125,272.03281555175784,260.39417495727537,1,1.0,0.015503838819674653
2019-10-30,287.0743713378906,273.0283462524414,261.2509335835775,1,1.0,0.008905902904990937
2019-10-31,295.4006042480469,274.16867980957034,262.37919998168945,1,1.0,0.029003748650053396
2019-11-01,293.2285461425781,275.3633148193359,263.4772989908854,1,1.0,-0.0073529237050743435
2019-11-04,298.2966613769531,276.53984985351565,264.63573252360027,1,1.0,0.017283839861589323
2019-11-05,307.7089538574219,277.969792175293,265.9993054707845,1,1.0,0.03155346237205969
2019-11-06,314.22515869140625,279.77984619140625,267.5076833089193,1,1.0,0.02117652005993853
2019-11-07,307.7089538574219,281.2459884643555,268.7988545735677,1,1.0,-0.02073737463009384
2019-11-08,299.7447204589844,282.7664321899414,269.9753885904948,1,1.0,-0.025882358308389586
2019-11-11,292.1424865722656,283.96106719970703,270.9467834472656,1,1.0,-0.025362361262202815
2019-11-12,296.8486328125,285.51771240234376,272.0569493611654,1,1.0,0.01610907846870213
2019-11-13,295.4006042480469,287.25536193847654,273.1248809814453,1,1.0,-0.004878003145016185
2019-11-14,297.21063232421875,288.68530426025393,274.2591801961263,1,1.0,0.006127367548144802
2019-11-15,305.5368957519531,290.56775817871096,275.4658821105957,1,1.0,0.028014688985458225
2019-11-18,303.726806640625,292.3959106445312,276.2683385213216,1,1.0,-0.005924289787893944
2019-11-19,304.81280517578125,294.1878601074219,277.11302846272787,1,1.0,0.0035755768388308073
2019-11-20,300.1067199707031,295.7264038085938,277.9275517781576,1,1.0,-0.015439263459959274
2019-11-21,294.6765441894531,296.64952850341797,278.6757062276204,1,1.0,-0.01809414924724151
2019-11-22,297.5726623535156,297.8079605102539,279.50229695638023,1,1.0,0.00982812585924897
2019-11-25,303.0028076171875,298.9482925415039,280.41335678100586,1,1.0,0.01824813213930554
2019-11-26,304.0888366699219,299.92572021484375,281.3123494466146,1,1.0,0.00358422108783385
2019-11-27,305.8988952636719,300.8669464111328,281.99413604736327,1,1.0,0.005952400665450108
2019-11-28,312.4150695800781,301.71766967773436,282.7905588785807,1,1.0,0.021301725561282625
2019-11-29,305.1748352050781,302.3149841308594,283.44217681884766,1,1.0,-0.023175048453109914
2019-12-02,301.55474853515625,302.4778884887695,283.99725952148435,1,1.0,-0.011862336773243998
2019-12-03,302.6408386230469,302.22448272705077,284.6488789876302,1,1.0,0.0036016348380067953
2019-12-04,307.34698486328125,301.88057403564454,285.36686655680336,1,1.0,0.01555026830366435
2019-12-05,304.0888366699219,301.6995681762695,286.00038452148436,1,1.0,-0.010600878986363638
2019-12-06,300.4687805175781,301.7357711791992,286.4890991210938,1,1.0,-0.01190460061601406
2019-12-09,308.79498291015625,302.5683959960937,287.07434946695963,1,1.0,0.027710707176418437
2019-12-10,307.7089538574219,303.11141204833984,287.6837336222331,1,1.0,-0.003516990601658665
2019-12-11,310.60504150390625,303.8716339111328,288.3353530883789,1,1.0,0.009411775673665579
2019-12-12,309.5190124511719,304.48705291748047,288.88440297444663,1,1.0,-0.0034964952515772474
2019-12-13,313.13909912109375,304.8671630859375,289.4817199707031,1,1.0,0.011695845890865808
2019-12-16,320.0173034667969,305.6816879272461,290.2057413736979,1,1.0,0.021965332227781742
2019-12-17,333.4117126464844,307.11163330078125,291.1711029052734,1,1.0,0.04185526543278684
2019-12-18,330.5156555175781,308.632080078125,292.0157948811849,1,1.0,-0.008686128948256044
2019-12-19,329.0675354003906,310.35162963867185,292.81825052897136,1,1.0,-0.004381396442234453
2019-12-20,322.9134216308594,311.61866760253906,293.5302047729492,1,1.0,-0.01870167399541034
2019-12-23,325.08544921875,312.72279968261716,294.3628295898437,1,1.0,0.006726346575874453
2019-12-24,322.1893615722656,313.62782592773436,295.19545389811196,1,1.0,-0.008908696631744983
2019-12-25,327.25750732421875,314.69575653076174,296.197016398112,1,1.0,0.015730332395895497
2019-12-26,325.08544921875,315.3292755126953,297.071875,1,1.0,-0.0066371528745919894
2019-12-27,323.275390625,316.2343032836914,297.97086741129556,1,1.0,-0.005567947129285433
2019-12-30,323.275390625,317.3203353881836,298.77935791015625,1,1.0,0.0
2019-12-31,321.1033630371094,318.2434616088867,299.47924550374347,1,1.0,-0.006718815136813716
2020-01-02,319.6553039550781,318.85887756347654,300.17309926350913,1,1.0,-0.004509635365805509
2020-01-03,314.587158203125,319.38379364013673,300.77645009358724,1,1.0,-0.01585503412346123
2020-01-06,306.98492431640625,319.7096008300781,301.4039347330729,1,1.0,-0.024165747674322002
2020-01-07,308.4329528808594,319.6914993286133,302.0736541748047,1,1.0,0.004716937053757864
2020-01-08,311.6910705566406,319.8906051635742,302.83990987141925,1,1.0,0.010563455186449522
2020-01-09,316.397216796875,320.18021392822266,303.769069925944,1,1.0,0.01509875220945478
2020-01-10,312.777099609375,320.34311828613284,304.5051584879557,1,1.0,-0.011441684677726105
2020-01-13,305.5368957519531,319.96300811767577,305.1326431274414,1,1.0,-0.023148126465985186
2020-01-14,301.1927490234375,319.0217803955078,305.69979298909504,1,1.0,-0.014218075750963899
2020-01-15,301.1927490234375,317.4108322143555,306.23677520751954,1,1.0,0.0
2020-01-16,304.81280517578125,316.1256896972656,306.82805786132815,1,1.0,0.012019068068806815
2020-01-17,304.4508972167969,314.8948577880859,307.29867197672525,1,1.0,-0.0011873121891177174
2020-01-20,303.3648376464844,313.9174285888672,307.7813522338867,1,1.0,-0.0035672733443748994
2020-01-30,277.6620788574219,311.54626007080077,307.73911743164064,1,1.0,-0.0847255700049665
2020-01-31,280.9201965332031,309.48280181884763,307.6787826538086,1,1.0,0.01173411107915201
2020-02-03,276.5760192871094,306.9487274169922,307.5038101196289,-1,1.0,-0.015464097276396083
2020-02-04,282.7301940917969,304.83096466064455,307.29263661702475,-1,-1.0,-0.02225129575785445
2020-02-05,275.8520202636719,302.4597961425781,307.0030278523763,-1,-1.0,0.02432769464265916
2020-02-06,276.5760192871094,300.1248275756836,306.6410171508789,-1,-1.0,-0.0026245920647798293
2020-02-07,275.8520202636719,297.86226043701174,306.11006825764974,-1,-1.0,0.002617721613405455
2020-02-10,275.1279602050781,295.6358932495117,305.4584482828776,-1,-1.0,0.0026248133252809724
2020-02-11,282.3681945800781,294.0249450683594,305.0361022949219,-1,-1.0,-0.026315879962193645
2020-02-12,290.6944274902344,293.2104202270508,304.88526407877606,-1,-1.0,-0.029487148588170697
2020-02-13,295.7626037597656,292.57690277099607,304.9455993652344,-1,-1.0,-0.017434721103147144
2020-02-14,293.5905456542969,291.67187652587893,304.8912979125977,-1,-1.0,0.007343924072405805
2020-02-17,288.160400390625,290.2600357055664,304.7706278483073,-1,-1.0,0.018495640762444254
2020-02-18,283.8162536621094,288.81199340820314,304.5473882039388,-1,-1.0,0.015075446600666731
2020-02-19,281.28216552734375,287.59925689697263,304.1431427001953,-1,-1.0,0.00892862231133007
2020-02-20,285.2642822265625,286.8028335571289,303.83543395996094,-1,-1.0,-0.0141570180667272
2020-02-21,280.9201965332031,285.78920593261716,303.43722381591795,-1,-1.0,0.01522828466099102
2020-02-24,272.9559631347656,284.1963638305664,302.9847112019857,-1,-1.0,0.028350519103727656
2020-02-25,274.0419616699219,282.67591705322263,302.6408014933268,-1,-1.0,-0.003978658398534618
2020-02-26,271.50787353515625,281.08306884765625,302.2063883463542,-1,-1.0,0.009247080700064081
2020-02-27,260.6476135253906,280.2323455810547,301.5004684448242,-1,-1.0,0.039999797679382554
2020-03-02,262.8196105957031,279.3273162841797,300.8126480102539,-1,-1.0,-0.008333078676359795
2020-03-03,269.3358459472656,278.9653076171875,300.2032638549805,-1,-1.0,-0.02479356596257376
2020-03-04,268.2497863769531,278.2412872314453,299.46717580159503,-1,-1.0,0.004032361776772686
2020-03-05,278.7480773925781,278.38609008789064,299.02672983805337,-1,-1.0,-0.039136251168798486
2020-03-06,274.0419616699219,278.25938720703124,298.56818339029945,-1,-1.0,0.016883042805810433
2020-03-09,265.3537292480469,277.73447265625,297.9467315673828,-1,-1.0,0.031704022146578414
2020-03-10,270.421875,277.4991683959961,297.33131306966146,-1,-1.0,-0.019099583662589348
2020-03-11,262.8196105957031,276.52173919677733,296.64349263509115,-1,-1.0,0.028112608879355183
2020-03-12,243.2710723876953,274.1505714416504,295.6901974995931,-1,-1.0,0.07438005924938162
2020-03-13,246.89117431640625,271.7069999694824,294.65846735636393,-1,-1.0,-0.01488093875354668
2020-03-16,231.6867218017578,268.61180877685547,293.3914301554362,-1,-1.0,0.0615836210295756
2020-03-17,228.4286346435547,265.62522048950194,292.0218233744303,-1,-1.0,0.014062468202173828
2020-03-18,218.29234313964844,262.3490249633789,290.50137888590496,-1,-1.0,0.04437399680527421
2020-03-19,198.38177490234375,258.2040054321289,288.58875681559243,-1,-1.0,0.09121056630267277
2020-03-20,217.93032836914062,254.83730773925782,286.8873072306315,-1,-1.0,-0.09854006738481869
2020-03-23,222.99850463867188,251.94122314453125,285.04708709716795,-1,-1.0,-0.023255947473939997
2020-03-24,238.92694091796875,250.2397720336914,283.52060852050784,-1,-1.0,-0.0714284443526021
2020-03-25,242.18502807617188,248.6469253540039,282.07256673177085,-1,-1.0,-0.013636332285029917
2020-03-26,248.70120239257812,247.506591796875,280.8356964111328,-1,-1.0,-0.026905768569462474
2020-03-27,246.1671600341797,246.78256912231444,279.52039159138997,-1,-1.0,0.010189103767976215
2020-03-30,243.6331024169922,245.8232437133789,278.21112060546875,-1,-1.0,0.010294052288841615
2020-03-31,237.116943359375,244.21229858398436,276.7087778727213,-1,-1.0,0.0267457869762886
2020-04-01,241.8230438232422,242.89096145629884,275.32107111612953,-1,-1.0,-0.01984717075546394
2020-04-06,246.89117431640625,241.29811630249023,274.0480008443197,-1,-1.0,-0.02095801298766453
2020-04-07,251.23532104492188,240.15778427124025,272.847333017985,-1,-1.0,-0.017595390926969046
2020-04-08,253.04537963867188,239.5423667907715,271.71303329467776,-1,-1.0,-0.007204634229859508
2020-04-09,254.493408203125,238.74594345092774,270.62700169881185,-1,-1.0,-0.005722406654967482
2020-04-10,253.40733337402344,238.27532958984375,269.60733795166016,-1,-1.0,0.0042675951285728875
2020-04-13,254.493408203125,238.83644638061523,268.7324793497721,-1,-1.0,-0.004285885552880009
2020-04-14,264.62969970703125,239.72337265014647,268.00242513020834,-1,-1.0,-0.03982928899995675
2020-04-15,264.62969970703125,241.37052154541016,267.2180689493815,-1,-1.0,-0.0
2020-04-16,261.73358154296875,243.03576889038087,266.30700836181643,-1,-1.0,0.010944040548996448
2020-04-17,266.43975830078125,245.4431396484375,265.5347193400065,-1,-1.0,-0.017980790734107188
2020-04-20,267.8878173828125,248.91844177246094,264.90723470052086,-1,-1.0,-0.005434846102797319
2020-04-21,255.94146728515625,250.81899871826172,264.1530466715495,-1,-1.0,0.044594600136611984
2020-04-22,250.51129150390625,252.19463806152345,263.3083557128906,-1,-1.0,0.021216475152891046
2020-04-23,254.13140869140625,252.95486145019532,262.4636657714844,-1,-1.0,-0.01445091423131939
2020-04-24,252.32135009765625,253.46167755126953,261.59483998616537,-1,-1.0,0.007122530044871289
2020-04-27,269.3358459472656,254.4934097290039,261.0276901245117,-1,-1.0,-0.06743185165672361
2020-04-28,271.50787353515625,255.76044540405275,260.9251200358073,-1,-1.0,-0.008064383633197947
2020-04-29,288.160400390625,257.9868103027344,261.04579010009763,-1,-1.0,-0.061333495189827225
2020-04-30,300.4687805175781,261.1544021606445,261.44400278727215,-1,-1.0,-0.042713641812921255
2020-05-04,289.24639892578125,263.5255699157715,261.5526062011719,1,-1.0,0.03734957612722878
2020-05-05,290.6944274902344,265.7157325744629,261.7999796549479,1,1.0,0.005006211208958389
2020-05-06,295.4006042480469,267.92399673461915,262.1137227376302,1,1.0,0.016189428873625733
2020-05-07,297.5726623535156,270.15036087036134,262.4757334391276,1,1.0,0.0073529237050744545
2020-05-08,297.9346618652344,272.3224235534668,262.85584513346356,1,1.0,0.001216507957604973
2020-05-11,296.8486328125,274.49448852539064,263.0971857706706,1,1.0,-0.00364519202275837
2020-05-12,294.6765441894531,276.503645324707,263.1635543823242,1,1.0,-0.007317158925299272
2020-05-13,304.0888366699219,278.4766021728516,263.30232493082684,1,1.0,0.031941098353649
2020-05-14,297.5726623535156,280.1237503051758,263.36869354248046,1,1.0,-0.021428521966688763
2020-05-15,297.5726623535156,281.91570434570315,263.5255645751953,1,1.0,0.0
2020-05-18,318.9312438964844,284.54027862548827,264.1108144124349,1,1.0,0.07177602059961674
2020-05-19,334.4977111816406,287.8707733154297,264.9977401733398,1,1.0,0.04880822303571075
2020-05-20,340.2898864746094,292.0881942749023,265.914833577474,1,1.0,0.017316038643455656
2020-05-21,336.3077697753906,296.3780181884766,266.8379597981771,1,1.0,-0.011702130617143314
2020-05-22,320.0173034667969,299.6723129272461,267.6223154703776,1,1.0,-0.04843916130594794
2020-05-25,333.0496826171875,303.70872955322267,268.6057774861654,1,1.0,0.040723982763459565
2020-05-26,333.0496826171875,306.89442138671876,269.63147430419923,1,1.0,0.0
2020-05-27,336.3077697753906,310.1344161987305,270.8924769083659,1,1.0,0.00978258598717252
2020-05-28,333.0496826171875,312.3788803100586,272.06297810872394,1,1.0,-0.009687814112588344
2020-05-29,335.22174072265625,314.1165283203125,273.1610763549805,1,1.0,0.006521723991448347
2020-06-01,334.1357116699219,316.36099395751955,274.2591751098633,1,1.0,-0.0032397333490159497
2020-06-02,351.1502380371094,319.38378448486327,275.4658777872721,1,1.0,0.050921005366811656
2020-06-03,354.7702941894531,322.3522689819336,276.811349995931,1,1.0,0.010309137685850622
2020-06-04,354.7702941894531,325.21215057373047,278.30162607828777,1,1.0,0.0
2020-06-05,357.6664123535156,328.19873809814453,279.7557017008464,1,1.0,0.008163361508830125
2020-06-08,358.0284118652344,331.2577270507812,281.34251505533854,1,1.0,0.0010121149183026645
2020-06-09,360.2004699707031,334.53392333984374,283.29133834838865,1,1.0,0.006066719940333476
2020-06-10,362.0105285644531,337.4300079345703,285.2099942525228,1,1.0,0.005025142232316426
2020-06-11,359.4764709472656,340.5251983642578,287.33982340494794,1,1.0,-0.006999955573768202
2020-06-12,356.58038330078125,343.47558441162107,289.47568588256837,1,1.0,-0.008056403911089971
2020-06-15,356.58038330078125,345.35804138183596,291.78048655192055,1,1.0,0.0
2020-06-16,369.250732421875,347.09569244384767,294.62830251057943,1,1.0,0.0355329393159749
2020-06-17,369.250732421875,348.5437347412109,297.1503092447917,1,1.0,0.0
2020-06-18,371.42279052734375,350.2994857788086,299.6240473429362,1,1.0,0.005882339328679098
2020-06-19,395.31549072265625,354.06439514160155,302.2305231730143,1,1.0,0.06432750171681656
2020-06-22,417.0361328125,358.2637176513672,305.14470825195315,1,1.0,0.05494508209161575
2020-06-23,415.5881042480469,362.39063873291013,307.92615661621096,1,1.0,-0.00347218969897789
2020-06-24,419.9322509765625,366.5718627929688,310.82224146525067,1,1.0,0.010453010286172182
2020-06-29,409.0718994140625,370.3729736328125,313.57955474853514,1,1.0,-0.02586215166195016
2020-06-30,419.2082214355469,374.57229766845705,316.614409383138,1,1.0,0.02477882747752469
2020-07-01,417.7601318359375,378.75351867675784,319.5466941833496,1,1.0,-0.0034543444655033007
2020-07-02,415.5881042480469,381.9754119873047,322.3583096822103,1,1.0,-0.005199221807847487
2020-07-03,423.5523376464844,385.4145141601563,325.230259958903,1,1.0,0.019163766520333247
2020-07-06,434.2431335449219,389.3881561279297,328.25022252400714,1,1.0,0.025240790684433634
2020-07-07,455.6235046386719,394.2860107421875,331.60239079793297,1,1.0,0.04923594512413465
2020-07-08,487.325439453125,400.75086212158203,335.5010258992513,1,1.0,0.0695792348105353
2020-07-09,479.9529724121094,406.73848724365234,339.25868530273436,1,1.0,-0.015128426394667605
2020-07-10,454.1490478515625,411.3454132080078,342.41734110514324,1,1.0,-0.053763443595033045
2020-07-13,463.73333740234375,416.5582565307617,345.73573506673176,1,1.0,0.021103841560653924
2020-07-14,450.4627380371094,421.25237426757815,348.88122100830077,1,1.0,-0.028616875895900007
2020-07-15,448.9882507324219,425.87276763916014,351.92369588216144,1,1.0,-0.003273272526630233
2020-07-16,441.6157531738281,429.4910186767578,354.8191614786784,1,1.0,-0.01642024606783632
2020-07-17,447.5137634277344,433.40417022705077,358.0120330810547,1,1.0,0.01335552504981563
2020-07-20,443.0901794433594,436.98753967285154,361.22168121337893,1,1.0,-0.009884799856193283
2020-07-21,469.6313781738281,440.70333404541014,364.8133473714193,1,1.0,0.05990021887601227
2020-07-22,489.5372314453125,444.3283889770508,368.76694539388023,1,1.0,0.042386122811658655
2020-07-23,499.1215515136719,448.505061340332,372.5967071533203,1,1.0,0.01957832714799368
2020-07-24,497.6470947265625,452.390803527832,376.3656941731771,1,1.0,-0.0029541036299430834
2020-07-27,536.7215576171875,458.7732864379883,380.5083801269531,1,1.0,0.07851841858354436
2020-07-28,501.3333435058594,462.8795425415039,383.8561228434245,1,1.0,-0.06593402781963253
2020-07-29,502.8078308105469,467.1319274902344,387.4154800415039,1,1.0,0.0029411315321186127
2020-07-30,503.5451354980469,471.5297790527344,390.9629918416341,1,1.0,0.0014663747108143443
2020-07-31,516.815673828125,476.1929458618164,394.6532430013021,1,1.0,0.02635421811185301
2020-08-03,513.1294555664062,480.13726196289065,398.24585622151693,1,1.0,-0.007132558953590551
2020-08-04,539.6705932617188,484.339616394043,402.27478841145836,1,1.0,0.051724057949500635
2020-08-05,538.1961669921875,486.8831527709961,406.2972473144531,1,1.0,-0.0027320856239728686
2020-08-06,539.6705932617188,489.86903381347656,410.38048146565757,1,1.0,0.00273957036478234
2020-08-07,519.7647094726562,493.1498168945312,413.97507934570314,1,1.0,-0.03688524821920203
2020-08-10,520.501953125,495.9882476806641,417.6905675252279,1,1.0,0.0014184180628418197
2020-08-11,510.9176940917969,499.01099548339846,421.2463180541992,1,1.0,-0.01841349292862582
2020-08-12,501.3333435058594,501.6282501220703,424.2863530476888,1,1.0,-0.018759089177709076
2020-08-13,504.2823486328125,504.7615798950195,427.11609700520836,1,1.0,0.005882323937064449
2020-08-14,501.3333435058594,507.45255889892576,429.80015462239584,1,1.0,-0.005847924550498984
2020-08-17,505.0196228027344,510.54903106689454,432.6120188395182,1,1.0,0.007352950575951311
2020-08-18,454.88629150390625,509.81177673339846,434.8598353068034,1,1.0,-0.09927006602357447
2020-08-19,448.9882507324219,507.7843276977539,436.7921447753906,1,1.0,-0.012965967279393698
2020-08-20,416.5490417480469,503.6557022094727,438.18380076090494,1,1.0,-0.0722495720800218
2020-08-21,445.302001953125,501.03844757080077,440.0003712972005,1,1.0,0.0690265906852563
2020-08-24,431.29412841796875,495.76707611083987,441.6377787272135,1,1.0,-0.03145701899770659
2020-08-25,434.2431335449219,492.41256561279295,443.2881352742513,1,1.0,0.006837573091408311
2020-08-26,426.13330078125,488.57883911132814,444.82142842610676,1,1.0,-0.018675788140776528
2020-08-27,411.38824462890625,483.9709945678711,445.82539520263674,1,1.0,-0.03460198047256802
2020-08-28,423.184326171875,479.28942718505857,446.9656290690104,1,1.0,0.028673842038460462
2020-08-31,409.9137268066406,474.12864074707034,447.8846862792969,1,1.0,-0.03135891039557204
2020-09-01,424.6588439941406,468.37805328369143,449.0012268066406,1,1.0,0.03597126961902242
2020-09-02,439.4039306640625,463.43844146728514,450.3574854532878,1,1.0,0.03472219377615349
2020-09-03,444.5647277832031,458.6831481933594,451.76355641682943,1,1.0,0.011744995342534148
2020-09-04,444.5647277832031,454.9231491088867,453.1394597371419,1,1.0,0.0
2020-09-07,440.87841796875,450.94197235107424,454.49615885416665,-1,1.0,-0.008291952968996652
2020-09-08,445.302001953125,447.66118774414065,455.9748524983724,-1,-1.0,-0.010033568902636958
2020-09-09,438.6666564941406,444.52785339355466,457.3429570515951,-1,-1.0,0.014900776169613605
2020-09-10,441.6157531738281,441.39452362060547,458.5490407307943,-1,-1.0,-0.0067228649272250696
2020-09-11,438.6666564941406,438.26118927001954,459.70597279866536,-1,-1.0,0.00667796983801594
2020-09-14,448.9882507324219,435.4596206665039,460.99873046875,-1,-1.0,-0.023529470693697707
2020-09-15,450.4627380371094,435.2384429931641,461.91785125732423,-1,-1.0,-0.00328402202570377
2020-09-16,454.88629150390625,435.5333450317383,462.5486872355143,-1,-1.0,-0.009820020821416975
2020-09-17,441.6157531738281,436.7866806030273,462.9824813842773,-1,-1.0,0.029173308973994838
2020-09-18,450.4627380371094,437.0447174072266,463.49132283528644,-1,-1.0,-0.020033218470353997
2020-09-21,454.1490478515625,438.1874633789063,464.24260864257815,-1,-1.0,-0.008183384558101858
2020-09-22,444.5647277832031,438.7035430908203,464.66521708170575,-1,-1.0,0.021103908757928225
2020-09-23,454.88629150390625,440.1411926269531,465.2839864095052,-1,-1.0,-0.023217234916883767
2020-09-24,442.35296630859375,441.6894287109375,465.73006744384764,-1,-1.0,0.02755265531057416
2020-09-25,431.29412841796875,442.0949188232422,465.8590972900391,-1,-1.0,0.025000031045140925
2020-09-28,444.5647277832031,443.8274688720703,466.0311238606771,-1,-1.0,-0.030769255806732954
2020-09-29,449.72552490234375,445.08080291748047,465.93282419840494,-1,-1.0,-0.011608651781428225
2020-09-30,447.5137634277344,445.4862945556641,465.26929626464846,-1,-1.0,0.004918025222361289
2020-10-05,450.4627380371094,445.78119506835935,464.7777923583984,-1,-1.0,-0.0065896847211743825
2020-10-06,453.4117736816406,446.2235473632812,464.76550445556643,-1,-1.0,-0.006546680547611317
2020-10-07,477.00396728515625,448.0298248291016,464.98668162027997,-1,-1.0,-0.052032600326961775
2020-10-08,493.96075439453125,450.4627624511719,465.71164855957034,-1,-1.0,-0.03554852427304467
2020-10-12,526.3999633789062,454.8494277954102,467.00184377034503,-1,-1.0,-0.06567163220109884
2020-10-13,515.3412475585938,458.53570251464845,468.23060201009116,-1,-1.0,0.021008200208312622
2020-10-14,507.9686279296875,462.0008010864258,469.2381830851237,-1,-1.0,0.01430628668641154
2020-10-15,507.9686279296875,464.94981994628904,470.3194905598958,-1,-1.0,-0.0
2020-10-16,501.3333435058594,467.49335021972655,470.847856648763,-1,-1.0,0.013062390193015139
2020-10-19,510.180419921875,470.258056640625,471.19190979003906,-1,-1.0,-0.01764709355684868
2020-10-20,513.8666381835938,473.87060089111327,471.43766123453776,1,-1.0,-0.007225322881429408
2020-10-21,509.4431457519531,476.81962127685546,471.63426208496094,1,1.0,-0.00860824989004283
2020-10-22,507.2313537597656,479.47373657226564,471.1427586873372,1,1.0,-0.004341587497311061
2020-10-23,499.8587646484375,482.23843841552736,471.11818237304686,1,1.0,-0.01453496329964632
2020-10-26,496.9098205566406,484.33961486816406,471.01988220214844,1,1.0,-0.00589955463493963
2020-10-27,505.0196228027344,487.4729476928711,471.0444569905599,1,1.0,0.01632047085929811
2020-10-28,502.070556640625,491.0117691040039,470.7987050374349,1,1.0,-0.0058395080685039735
2020-10-29,504.2823486328125,493.9976501464844,470.65125325520836,1,1.0,0.00440534096838241
2020-10-30,499.8587646484375,496.5043121337891,469.9877227783203,1,1.0,-0.008772038117867975
2020-11-02,481.42742919921875,498.19999542236326,469.0415771484375,1,1.0,-0.03687308646509768
2020-11-03,490.2745056152344,500.19058380126955,468.2183090209961,1,1.0,0.018376760191523234
2020-11-04,499.1215515136719,502.47607269287107,467.87425638834634,1,1.0,0.018045086573154734
2020-11-05,513.1294555664062,504.28234710693357,467.7513814290365,1,1.0,0.028065115622142534
2020-11-06,516.078369140625,505.38822784423826,467.83739267985027,1,1.0,0.005746919305116949
2020-11-09,517.552978515625,504.94587860107424,468.10771993001305,1,1.0,0.0028573361395780594
2020-11-10,505.7568664550781,504.46665954589844,468.1322952270508,1,1.0,-0.022792086124939104
2020-11-11,498.38433837890625,503.98744506835936,468.08314514160156,1,1.0,-0.014577217958199884
2020-11-12,496.172607421875,503.39764404296875,467.9356948852539,1,1.0,-0.004437801886442383
2020-11-13,497.6470947265625,503.2133316040039,468.6483749389648,1,1.0,0.0029717225067078523
2020-11-16,511.6549377441406,503.2870574951172,469.6928197224935,1,1.0,0.028148145876898845
2020-11-17,513.1294555664062,503.2501983642578,471.3024932861328,1,1.0,0.002881859850247359
2020-11-18,536.7215576171875,504.6141189575195,472.82615254720054,1,1.0,0.04597690075059058
2020-11-19,540.4078979492188,506.2729461669922,474.64471537272135,1,1.0,0.0068682546465936856
2020-11-20,550.7294921875,508.8164825439453,476.586154683431,1,1.0,0.01909963617750665
2020-11-23,547.7803344726562,511.3600082397461,478.61360524495444,1,1.0,-0.005355002331779435
2020-11-24,547.0430908203125,513.461181640625,480.87451934814453,1,1.0,-0.0013458746251879816
2020-11-25,533.7725830078125,515.0462829589844,482.71765696207683,1,1.0,-0.024258615153333496
2020-11-26,538.1961669921875,516.7419738769531,484.85569763183594,1,1.0,0.008287394529423064
2020-11-27,534.509765625,518.4745239257812,486.6865463256836,1,1.0,-0.006849549649878939
2020-11-30,519.0274047851562,520.3545227050781,488.0136042277018,1,1.0,-0.028965534094106404
2020-12-01,513.8666381835938,521.5341293334961,489.16863606770835,1,1.0,-0.009943148577479688
2020-12-02,524.9254760742188,522.8243255615234,490.5079818725586,1,1.0,0.021520832583558303
2020-12-03,516.078369140625,522.9717712402344,491.76131439208984,1,1.0,-0.01685402468891195
2020-12-04,519.7647094726562,523.1560882568359,493.00235951741536,1,1.0,0.007142985547272218
2020-12-07,519.0274047851562,523.2298095703125,494.3417053222656,1,1.0,-0.0014185354912765735
2020-12-08,538.1961669921875,524.851774597168,495.95137888590494,1,1.0,0.036932081100738534
2020-12-09,541.1450805664062,526.9898117065429,497.6593526204427,1,1.0,0.005479254136459888
2020-12-10,522.7137451171875,528.3168685913085,498.8881108601888,1,1.0,-0.03405987804587829
2020-12-11,521.2392578125,529.4964767456055,500.067719523112,1,1.0,-0.0028208313220402514
2020-12-14,517.552978515625,529.7913787841796,501.11216430664064,1,1.0,-0.007072144397460178
2020-12-15,516.815673828125,529.9756896972656,502.3654963175456,1,1.0,-0.0014245975158226898
2020-12-16,516.815673828125,528.9803955078125,503.47137858072915,1,1.0,0.0
2020-12-17,519.0274047851562,527.9113708496094,504.5526845296224,1,1.0,0.004279535372154308
2020-12-18,515.3412475585938,526.141958618164,505.73229319254557,1,1.0,-0.007102047392060773
2020-12-21,521.9764404296875,524.8517639160157,506.85046234130857,1,1.0,0.01287533823952125
2020-12-22,518.2902221679688,523.4141204833984,508.11608327229817,1,1.0,-0.007062039540873255
2020-12-23,530.8235473632812,523.2666687011719,509.77490692138673,1,1.0,0.024182059894718
2020-12-24,526.3999633789062,522.6768585205078,511.1388275146484,1,1.0,-0.008333435858955296
2020-12-25,527.1372680664062,522.3082336425781,512.4290232340495,1,1.0,0.0014006548989238254
2020-12-28,545.5686645507812,523.6352966308593,514.0632715861003,1,1.0,0.03496507949814154
2020-12-29,541.1450805664062,524.99921875,515.5746439615885,1,1.0,-0.008108207585597604
2020-12-30,549.9921875,526.252554321289,517.1843175252278,1,1.0,0.0163488632740294
2020-12-31,550.7294921875,527.9851104736329,518.4130762736003,1,1.0,0.0013405730195030774
2021-01-04,583.9059448242188,531.192172241211,519.9121627807617,1,1.0,0.06024092246257173
2021-01-05,587.5922241210938,534.6204132080078,520.9320337931315,1,1.0,0.006313138836058219
2021-01-06,583.9059448242188,536.9059020996094,522.0747787475586,1,1.0,-0.00627353315028778
2021-01-07,589.066650390625,539.3019805908203,523.4264124552409,1,1.0,0.0088382480297573
2021-01-08,617.8196411132812,544.057275390625,525.2572626749675,1,1.0,0.04881109922551108
2021-01-11,627.4039306640625,549.3655090332031,527.3584391276041,1,1.0,0.01551308652717931
2021-01-12,623.7175903320312,554.6737396240235,529.2507253011067,1,1.0,-0.005875545484915201
2021-01-13,651.7333374023438,561.4196228027344,531.5485036214193,1,1.0,0.044917359241701815
2021-01-14,634.7764892578125,567.3176635742187,533.6373926798502,1,1.0,-0.026018076982400884
2021-01-15,626.6666870117188,572.6996276855468,535.6279815673828,1,1.0,-0.012775839028908886
2021-01-18,622.2431640625,578.0447235107422,537.6677215576171,1,1.0,-0.007058812987670526
2021-01-19,648.0470581054688,584.3482543945313,540.1866755167644,1,1.0,0.04146914829003556
2021-01-20,642.8862915039062,590.5780578613281,542.4844533284505,1,1.0,-0.00796356767153561
2021-01-21,688.5960693359375,598.466683959961,545.5932118733724,1,1.0,0.0711008749698212
2021-01-22,676.062744140625,605.9498229980469,548.4562184651693,1,1.0,-0.018201273218709013
2021-01-25,670.9019775390625,613.1380584716796,551.306938680013,1,1.0,-0.007633561598077154
2021-01-26,642.1490478515625,617.9670776367187,553.9856323242187,1,1.0,-0.04285712466218794
2021-01-27,661.317626953125,623.9757049560546,556.8363510131836,1,1.0,0.029850669662588203
2021-01-28,640.6744995117188,628.5098205566406,559.195566813151,1,1.0,-0.03121514775965506
2021-01-29,645.09814453125,633.2282531738281,561.3950449625651,1,1.0,0.006904668475025355
2021-02-01,667.2156982421875,637.3937408447266,563.9140004475911,1,1.0,0.03428556398501015
2021-02-02,686.3843383789062,642.3333465576172,566.7278564453125,1,1.0,0.028729300265595503
2021-02-03,700.3921508789062,648.1576568603516,569.9717778523762,1,1.0,0.02040811789657604
2021-02-04,697.443115234375,653.5764801025391,573.2894241333008,1,1.0,-0.004210549248489626
2021-02-05,700.3921508789062,657.7051055908203,576.693083190918,1,1.0,0.00422835293676993
2021-02-17,722.509765625,662.4603973388672,580.4407943725586,1,1.0,0.03157890150302056
2021-02-18,721.0353393554688,667.326284790039,583.9304677327474,1,1.0,-0.002040700817733332
2021-02-19,710.7137451171875,670.2753051757812,587.2235392252604,1,1.0,-0.014314963046759499
2021-02-22,701.1294555664062,673.5929534912109,589.9636708577474,1,1.0,-0.013485442791318025
2021-02-23,711.4509887695312,677.8321685791016,592.8143890380859,1,1.0,0.014721294507284322
2021-02-24,693.0195922851562,681.3709899902344,595.1858907063802,1,1.0,-0.02590676908925582
2021-02-25,695.9686889648438,683.7670715332031,597.6556966145833,1,1.0,0.0042554304561046585
2021-02-26,660.5805053710938,684.6517822265625,599.5479868570964,1,1.0,-0.05084737884743773
2021-03-02,663.5294189453125,683.3984497070312,601.710600789388,1,1.0,0.004464124433345429
2021-03-03,685.6470947265625,683.8776672363281,604.1681162516276,1,1.0,0.03333337625994992
2021-03-04,661.317626953125,683.3984497070312,606.2815806070963,1,1.0,-0.035483950797079
2021-03-05,650.99609375,683.8408020019531,608.4810587565104,1,1.0,-0.015607527733200177
2021-03-08,639.199951171875,682.7349182128906,610.5699473063152,1,1.0,-0.018120143410038758
2021-03-09,648.0470581054688,683.1035461425781,612.6219736735026,1,1.0,0.01384090677318417
2021-03-10,636.9882202148438,682.6980499267578,614.637137858073,1,1.0,-0.0170648685960475
2021-03-11,654.682373046875,682.0713836669922,616.8857655843099,1,1.0,0.027777833671811525
2021-03-12,662.7921752929688,680.8917755126953,619.2818450927734,1,1.0,0.01238738444774512
2021-03-15,668.690185546875,679.3066772460937,621.4567454020182,1,1.0,0.008898732474171389
2021-03-16,677.5372314453125,678.3113830566406,623.7299479166667,1,1.0,0.013230410868378728
2021-03-17,669.4274291992188,676.7631469726563,626.1751759847006,1,1.0,-0.011969530041609722
2021-03-18,665.7411499023438,673.9247161865235,628.5835408528645,1,1.0,-0.005506615259677328
2021-03-19,652.4706420898438,670.4964813232422,630.8321685791016,1,1.0,-0.019933434810882056
2021-03-22,649.521484375,667.4368682861328,633.0439320882161,1,1.0,-0.00451998530600195
2021-03-23,641.4117431640625,664.4509826660156,635.1205332438151,1,1.0,-0.012485716648373946
2021-03-24,659.1058959960938,661.8337280273438,637.4551747639974,1,1.0,0.027586262678551243
2021-03-25,699.6549072265625,662.165493774414,640.5270690917969,1,1.0,0.06152123881275218
2021-03-26,695.2313232421875,662.1286254882813,643.4146504720052,1,1.0,-0.006322522630349492
2021-03-29,693.7568969726562,663.7874450683594,646.3390950520833,1,1.0,-0.002120770771166236
2021-03-30,715.8744506835938,666.4046966552735,649.4232767740885,1,1.0,0.03188084155624504
2021-03-31,714.4000854492188,667.8423461914062,652.5566121419271,1,1.0,-0.002059530456726244
2021-04-01,708.5020141601562,670.2015655517578,655.5793579101562,1,1.0,-0.008255977860576191
2021-04-07,735.7803344726562,674.4407775878906,658.7495524088541,1,1.0,0.03850140122020007
2021-04-08,752.0000610351562,680.0807830810547,662.2638020833333,1,1.0,0.022044251256218894
2021-04-09,736.5177001953125,684.5043151855468,665.3725606282552,1,1.0,-0.02058824412664506
2021-04-12,707.7647094726562,688.0431396484375,667.9898142496745,1,1.0,-0.03903910349341422
2021-04-13,708.5020141601562,690.7341217041015,670.0664154052735,1,1.0,0.0010417370033175555
2021-04-14,711.4509887695312,693.1670623779297,672.130728149414,1,1.0,0.004162267079608206
2021-04-15,726.1961059570312,696.0423583984375,674.502230834961,1,1.0,0.0207254152714047
2021-04-16,718.8236083984375,698.1066772460938,676.6648468017578,1,1.0,-0.010152213015350409
2021-04-19,709.9764404296875,700.1341278076172,678.2007934570313,1,1.0,-0.012307842793953028
2021-04-20,735.7803344726562,703.6360870361328,680.0070668538411,1,1.0,0.036344718744965476
2021-04-21,728.4078369140625,707.4329467773438,681.751904296875,1,1.0,-0.010019970924987742
2021-04-22,725.4588012695312,711.2298126220703,682.9806620279948,1,1.0,-0.0040486050466247425
2021-04-23,763.0587768554688,717.3121643066406,685.1187001546224,1,1.0,0.05182923622973301
2021-04-26,788.8627319335938,723.8000061035157,687.821967569987,1,1.0,0.03381647110391928
2021-04-27,785.1764526367188,728.0760833740235,690.5375223795573,1,1.0,-0.004672903342561874
2021-04-28,796.2353515625,733.1262847900391,693.0073272705079,1,1.0,0.014084603389014072
2021-04-29,873.64697265625,742.1207885742188,696.8533386230469,1,1.0,0.09722203484414571
2021-05-03,814.6666259765625,747.0603973388672,698.9545145670573,1,1.0,-0.06751050312732465
2021-05-04,799.9215698242188,751.3364715576172,701.0188283284505,1,1.0,-0.018099496999362752
2021-05-05,740.941162109375,752.9584289550781,702.186148071289,1,1.0,-0.07373273823308024
2021-05-06,777.803955078125,755.0596099853516,704.4470631917318,1,1.0,0.049751309353371465
2021-05-07,781.490234375,756.5341186523438,706.4499399820963,1,1.0,0.004739342443308425
2021-05-10,721.7725830078125,755.7968627929688,707.8015747070312,1,1.0,-0.07641509610794683
2021-05-11,671.6392211914062,753.9905883789063,708.2439259847005,1,1.0,-0.06945866744825302
2021-05-12,654.682373046875,751.2996063232422,708.0350372314454,1,1.0,-0.025246959393544488
2021-05-13,643.62353515625,747.9082336425781,707.3223571777344,1,1.0,-0.0168919133092853
2021-05-14,659.8431396484375,744.5905853271485,706.6465403238932,1,1.0,0.025200452758847414
2021-05-17,673.85107421875,742.3419586181641,706.2533396402995,1,1.0,0.02122918877019142
2021-05-18,732.8314208984375,743.4847076416015,706.793994140625,1,1.0,0.08752727262187454
2021-05-19,695.2313232421875,741.4572570800781,706.3393534342448,1,1.0,-0.05130797695621869
2021-05-20,685.6470947265625,739.3192199707031,705.7495493570964,1,1.0,-0.013785668446193222
2021-05-21,704.0784912109375,738.2502044677734,705.6389617919922,1,1.0,0.02688175393162795
2021-05-24,695.2313232421875,734.8588317871094,705.5406595865885,1,1.0,-0.012565598976804204
2021-05-25,701.86669921875,730.5090301513671,705.3809214274089,1,1.0,0.00954412690386075
2021-05-26,701.1294555664062,726.3066802978516,705.5160858154297,1,1.0,-0.0010504040912104884
2021-05-27,689.3333740234375,720.9615814208985,705.4054972330729,1,1.0,-0.01682439876019659
2021-05-28,708.5020141601562,712.7043334960938,706.204189046224,1,1.0,0.027807503392497823
2021-05-31,733.568603515625,708.6494323730469,707.3715087890625,1,1.0,0.035379700910493694
2021-06-01,720.298095703125,704.6682586669922,707.9490254720052,-1,1.0,-0.018090343219299698
2021-06-02,707.0274658203125,702.9725738525391,708.7108561197916,-1,-1.0,0.01842380253672371
2021-06-03,723.2470092773438,700.2447265625,709.9150380452473,-1,-1.0,-0.02294047153912593
2021-06-04,720.298095703125,697.1851196289062,711.2666737874349,-1,-1.0,0.004077325638947693
2021-06-07,717.3489990234375,696.9639404296875,712.4217061360677,-1,-1.0,0.004094272492569551
2021-06-08,712.188232421875,698.9913909912109,713.6750396728515,-1,-1.0,0.007194220119618344
2021-06-09,712.9254760742188,701.9035461425781,714.6457580566406,-1,-1.0,-0.0010351808956976516
2021-06-10,735.7803344726562,706.5113861083985,715.862227376302,-1,-1.0,-0.03205785059651611
2021-06-11,722.509765625,709.6447174072266,716.7592203776042,-1,-1.0,0.01803604720852925
2021-06-15,729.1451416015625,712.4094207763671,717.6193522135417,-1,-1.0,-0.009183787254173126
2021-06-16,726.1961059570312,712.0776550292969,718.5654968261719,-1,-1.0,0.004044511135401274
2021-06-17,721.0353393554688,713.3678558349609,719.4870666503906,-1,-1.0,0.007106574325073334
2021-06-18,711.4509887695312,714.6580505371094,720.4700724283854,-1,-1.0,0.013292483825418255
2021-06-21,676.800048828125,713.2941284179688,720.9247151692708,-1,-1.0,0.048704605782241894
2021-06-22,665.7411499023438,711.8196197509766,721.3302052815756,-1,-1.0,0.01633997950344368
2021-06-23,693.7568969726562,711.4141296386719,721.9077219645183,-1,-1.0,-0.04208204205857191
2021-06-24,684.9097900390625,710.6031463623046,721.6619700113932,-1,-1.0,0.01275245979131856
2021-06-25,683.4353637695312,710.3082458496094,721.4653706868489,-1,-1.0,0.002152730609161213
2021-06-28,689.3333740234375,709.3498138427734,721.391645304362,-1,-1.0,-0.008629945956228235
2021-06-29,689.3333740234375,707.138052368164,720.9492940266927,-1,-1.0,-0.0
2021-06-30,709.2391357421875,706.5851043701172,720.8632781982421,-1,-1.0,-0.028876828641801966
2021-07-01,704.0784912109375,706.4376556396485,720.7895528157552,-1,-1.0,0.007276311008768022
2021-07-02,705.552978515625,705.5529541015625,720.2857635498046,-1,-1.0,-0.002094208704134015
2021-07-05,705.552978515625,704.8156982421875,719.5116455078125,-1,-1.0,-0.0
2021-07-06,707.0867919921875,704.302587890625,719.0211303710937,-1,-1.0,-0.0021739168046450708
2021-07-07,703.2522583007812,703.8557891845703,718.9459228515625,-1,-1.0,0.0054230028545755316
2021-07-08,705.5529174804688,703.4871612548828,718.8967712402343,-1,-1.0,-0.0032714565115601335
2021-07-09,704.7860717773438,701.9374481201172,718.7856892903645,-1,-1.0,0.0010868719895077428
2021-07-12,717.0565795898438,701.6647888183594,718.6333638509115,-1,-1.0,-0.017410258664102063
2021-07-13,710.1543579101562,700.7152496337891,718.4888763427734,-1,-1.0,0.009625769954772045
2021-07-14,713.2220458984375,700.0665466308594,718.5429697672527,-1,-1.0,-0.004319748170396043
2021-07-15,729.3270263671875,700.4811309814453,718.4354146321615,-1,-1.0,-0.02258059823215741
2021-07-16,733.928466796875,701.6050048828125,718.5274251302084,-1,-1.0,-0.006309159352845484
2021-07-19,704.7860717773438,703.0043060302735,718.1828796386719,-1,-1.0,0.039707405200835266
2021-07-20,705.5529174804688,704.9948944091797,717.2244486490886,-1,-1.0,-0.0010880545655380658
2021-07-21,699.4176635742188,705.2779327392578,715.7336975097656,-1,-1.0,0.008695667970815002
2021-07-22,704.7860717773438,706.2717468261719,714.393857828776,-1,-1.0,-0.007675539928017949
2021-07-23,715.522705078125,707.8761138916016,713.0486470540365,-1,-1.0,-0.015233889730120964
2021-07-26,707.8536376953125,708.8021270751954,710.2854248046875,-1,-1.0,0.010718132811697645
2021-07-27,719.3572998046875,710.3033233642578,708.6969360351562,1,-1.0,-0.016251469932159424
2021-07-28,682.5457763671875,708.9686553955078,706.7406728108724,1,1.0,-0.05117279472592362
2021-07-29,715.522705078125,709.5408660888672,706.3170318603516,1,1.0,0.048314603727321215
2021-07-30,697.8839111328125,709.1574127197266,704.9850311279297,1,1.0,-0.024651620165409782
2021-08-02,716.2896728515625,709.6942474365235,703.8983551025391,1,1.0,0.026373672505035417
2021-08-03,719.3572998046875,710.3077728271485,703.858100382487,1,1.0,0.0042826625447673905
2021-08-04,728.5601196289062,711.5731658935547,704.806782023112,1,1.0,0.01279311383469306
2021-08-05,736.99609375,713.1453247070312,706.178677368164,1,1.0,0.01157896773898437
2021-08-06,717.8234252929688,713.7971923828125,707.415342203776,1,1.0,-0.02601461340110567
2021-08-09,706.31982421875,713.2603546142578,708.1899536132812,1,1.0,-0.01602566964086427
2021-08-10,707.0867919921875,713.1069763183593,708.7438822428386,1,1.0,0.0010858647133200616
2021-08-11,697.8839111328125,712.3400695800781,708.1614237467448,1,1.0,-0.01301520685098112
2021-08-12,693.282470703125,710.537841796875,708.1289428710937,1,1.0,-0.006593418126258799
2021-08-13,697.8839111328125,708.7356140136719,708.3328898111979,1,1.0,0.006637179828044237
2021-08-16,690.9817504882812,708.0453979492188,708.1146107991536,-1,1.0,-0.00989012718938831
2021-08-17,690.9817504882812,707.3168395996094,708.0437845865886,-1,-1.0,-0.0
2021-08-18,699.4176635742188,707.3168395996094,708.0029673258464,-1,-1.0,-0.01220859028473087
2021-08-19,681.011962890625,706.1281341552734,707.66767578125,-1,-1.0,0.026315750433775875
2021-08-20,669.5084228515625,703.8274200439453,707.3372599283854,-1,-1.0,0.016891832546134022
2021-08-23,698.6508178710938,703.3672790527344,707.1730733235677,-1,-1.0,-0.04352804837825386
2021-08-24,697.116943359375,702.2552612304687,706.5655456542969,-1,-1.0,0.002195480878978584
2021-08-25,698.6508178710938,703.060513305664,706.2047576904297,-1,-1.0,-0.002200311621070483
2021-08-26,681.011962890625,701.3349761962891,705.7711659749349,-1,-1.0,0.0252470254514513
2021-08-27,687.1472778320312,700.79814453125,705.1695037841797,-1,-1.0,-0.009009114781720173
2021-08-30,699.4176635742188,699.9545440673828,704.8214965820313,-1,-1.0,-0.017856995345889803
2021-08-31,690.9817504882812,698.5357666015625,704.3820424397786,-1,-1.0,0.01206133834657197
2021-09-01,710.9213256835938,697.6538269042969,704.360927327474,-1,-1.0,-0.028856876728252656
2021-09-02,715.522705078125,696.5801574707032,704.4042144775391,-1,-1.0,-0.006472417169518296
2021-09-03,704.7860717773438,695.9282897949219,703.8876434326172,-1,-1.0,0.015005300634881924
2021-09-06,687.1472778320312,694.9696624755859,703.2982686360677,-1,-1.0,0.02502716022867857
2021-09-07,692.5155029296875,694.241098022461,702.6877746582031,-1,-1.0,-0.007812335536849124
2021-09-08,699.4176635742188,694.3177856445312,702.2414672851562,-1,-1.0,-0.009966795855589794
2021-09-09,690.9817504882812,694.202749633789,701.7405741373698,-1,-1.0,0.01206133834657197
2021-09-10,709.3875122070312,694.7779296875,701.7061828613281,-1,-1.0,-0.026637116979925546
2021-09-13,710.9213256835938,695.7749084472656,702.2748708089192,-1,-1.0,-0.0021621658827775114
2021-09-14,726.2593994140625,697.5387908935547,703.2835083007812,-1,-1.0,-0.021574924223464853
2021-09-15,717.0565795898438,698.4207366943359,703.6718363444011,-1,-1.0,0.01267153283199296
2021-09-16,717.8234252929688,700.2613098144532,704.2203969319661,-1,-1.0,-0.001069435418281195
2021-09-17,720.8910522460938,702.8304412841796,704.8446584065755,-1,-1.0,-0.004273511904230531
2021-09-22,698.6508178710938,702.8304412841796,704.9999491373698,-1,-1.0,0.03085103401645184
2021-09-23,701.7183837890625,703.060513305664,705.2063659667969,-1,-1.0,-0.004390699673573861
2021-09-24,705.5529174804688,703.4056182861328,705.1449289957683,-1,-1.0,-0.005464490855577875
2021-09-27,735.4622802734375,706.1281341552734,705.6679921468099,1,-1.0,-0.042391381357723246
2021-09-28,733.928466796875,708.4671936035156,706.1409169514974,1,1.0,-0.00208550936968821
2021-09-29,700.1846923828125,708.5055450439453,706.0514455159505,1,1.0,-0.04597692546431986
2021-09-30,694.0493774414062,708.6589263916015,705.8341552734375,1,1.0,-0.008762423697848964
2021-10-01,678.7112426757812,707.0484222412109,705.4251383463542,1,1.0,-0.022099486382609612
2021-10-04,684.0796508789062,705.47626953125,705.0672505696615,1,1.0,0.007909708673692117
2021-10-05,664.9069213867188,703.4823120117187,704.402598063151,-1,1.0,-0.028027042563763427
2021-10-06,667.974609375,702.5236785888671,703.584565226237,-1,-1.0,-0.004613710415110939
2021-10-07,698.6508178710938,702.8304443359375,703.3928395589193,-1,-1.0,-0.04592421338409314
2021-10-08,697.8839111328125,702.7537567138672,703.1372039794921,-1,-1.0,0.0010976967587587039
2021-10-12,680.2450561523438,702.2169219970704,702.3191711425782,-1,-1.0,0.02527476948399221
2021-10-13,661.0724487304688,699.8011688232422,701.1049041748047,-1,-1.0,0.028184853750089167
2021-10-14,644.2005004882812,696.4651275634766,700.0951446533203,-1,-1.0,0.02552208653467347
2021-10-15,657.2379150390625,693.0140533447266,699.2898946126302,-1,-1.0,-0.02023813167003019
2021-10-18,664.9069213867188,690.4065704345703,698.7147155761719,-1,-1.0,-0.011668539157848823
2021-10-19,688.6810302734375,688.9494506835938,698.4462982177735,-1,-1.0,-0.03575554430556371
2021-10-20,690.9817504882812,687.4539855957031,698.0372823079427,-1,-1.0,-0.0033407631598771914
2021-10-21,700.1846923828125,687.5306793212891,697.9094665527343,-1,-1.0,-0.013318646821031122
2021-10-22,710.1543579101562,687.9524780273438,697.7560841878255,-1,-1.0,-0.014238622517461552
2021-10-25,719.3572998046875,688.6426971435546,698.3696095784505,-1,-1.0,-0.012959072618541345
2021-10-26,725.4924926757812,688.1442077636718,698.5357727050781,-1,-1.0,-0.008528714274199434
2021-10-27,722.4248046875,687.5690246582031,698.9447875976563,-1,-1.0,0.004228421409251171
2021-10-28,717.8234252929688,688.450961303711,698.9703501383464,-1,-1.0,0.006369354103949454
2021-10-29,700.1846923828125,688.7577270507812,698.6508066813151,-1,-1.0,0.0245725233931412
2021-11-01,707.0867919921875,690.1765045166015,698.2929178873698,-1,-1.0,-0.009857541423658356
2021-11-02,711.6881713867188,691.5569305419922,697.8711191813151,-1,-1.0,-0.0065075171063047055
2021-11-03,714.7557983398438,694.0493743896484,697.8199920654297,-1,-1.0,-0.004310352590443767
2021-11-04,711.6881713867188,696.2350524902344,697.9094645182291,-1,-1.0,0.0042918531899288626
2021-11-05,720.8910522460938,697.3470642089844,698.139535522461,-1,-1.0,-0.012931057771331522
2021-11-08,751.5672607421875,700.0312316894531,699.0342580159505,1,-1.0,-0.04255318248231177
2021-11-09,750.0335083007812,703.520654296875,699.9801086425781,1,1.0,-0.002040738762212224
2021-11-10,734.6953735351562,707.2018005371094,700.5936330159506,1,1.0,-0.020449932697505613
2021-11-11,731.6277465820312,711.5731628417968,701.2710662841797,1,1.0,-0.00417537262874601
2021-11-12,753.8679809570312,716.4046661376954,702.3191701253255,1,1.0,0.030398292682173977
2021-11-15,786.0780639648438,722.4632232666015,703.7635101318359,1,1.0,0.04272642401779958
2021-11-16,793.7470703125,727.7165252685547,705.6424285888672,1,1.0,0.00975603658111912
2021-11-17,789.91259765625,732.6630676269531,707.6491648356119,1,1.0,-0.004830849523312697
2021-11-18,832.0923461914062,739.2584503173828,709.8731903076172,1,1.0,0.05339799448737459
2021-11-19,835.9268798828125,745.5470764160157,712.1866892496745,1,1.0,0.004608303043475148
2021-11-22,828.2578735351562,750.9921051025391,714.3468068440756,1,1.0,-0.009174254988344677
2021-11-23,809.085205078125,755.1717407226563,716.4813608805339,1,1.0,-0.023148187381785812
2021-11-24,797.5816040039062,758.9295806884766,718.3219329833985,1,1.0,-0.014218034147723602
2021-11-25,793.7470703125,762.7257629394531,719.8940897623698,1,1.0,-0.004807700769622447
2021-11-26,770.7398681640625,766.2535217285156,721.2233917236329,1,1.0,-0.028985558509689424
2021-11-29,789.91259765625,770.3948120117187,722.5399129231771,1,1.0,0.024875746388801412
2021-11-30,774.574462890625,773.5391265869141,723.5241088867188,1,1.0,-0.019417508735947275
2021-12-01,816.7542114257812,778.639047241211,725.3902445475261,1,1.0,0.05445538234987257
2021-12-02,828.2578735351562,784.4675323486329,727.7420878092448,1,1.0,0.014084607031647156
2021-12-03,812.9197387695312,789.0689666748046,729.7488250732422,1,1.0,-0.018518549905428672
2021-12-06,832.0923461914062,793.0952209472656,731.9600697835286,1,1.0,0.02358487130709297
2021-12-07,816.7542114257812,796.4312561035156,734.0562774658204,1,1.0,-0.018433212173900704
2021-12-08,839.7613525390625,801.6845550537109,736.2291748046875,1,1.0,0.028168989876548478
2021-12-09,832.0923461914062,806.7077850341797,738.248691813151,1,1.0,-0.009132364003735849
2021-12-10,824.42333984375,810.2355529785157,739.8847574869792,1,1.0,-0.009216532735529026
2021-12-13,824.42333984375,812.1528167724609,741.674203491211,1,1.0,0.0
2021-12-14,820.5886840820312,813.4948974609375,743.3869578043619,1,1.0,-0.004651318778099545
2021-12-15,812.9197387695312,814.6452545166015,744.9207692464192,1,1.0,-0.009345663011523286
2021-12-16,835.9268798828125,814.8369812011719,747.2087036132813,1,1.0,0.02830186058479245
2021-12-17,824.42333984375,814.2618041992188,749.2537862141927,1,1.0,-0.01376141898999006
2021-12-20,809.085205078125,813.3031707763672,750.9793243408203,1,1.0,-0.018604682842351283
2021-12-21,835.9268798828125,814.6452545166015,752.6537343343099,1,1.0,0.033175337574113284
2021-12-22,832.0923461914062,816.3707916259766,754.2897989908854,1,1.0,-0.004587164001645494
2021-12-23,839.7613525390625,818.6715057373046,756.6160766601563,1,1.0,0.009216532735529137
2021-12-24,858.9341430664062,823.0812194824218,759.3641560872396,1,1.0,0.02283123707631196
2021-12-27,878.1066284179688,827.4909210205078,762.687412516276,1,1.0,0.022321251875162984
2021-12-28,901.1138305664062,833.8178894042969,766.3046488444011,1,1.0,0.026200920712656783
2021-12-29,908.7827758789062,838.4193176269531,770.3692464192708,1,1.0,0.008510517819573904
2021-12-30,912.6173706054688,842.6372924804688,774.446625773112,1,1.0,0.004219484378820804
2022-01-03,881.941162109375,846.0883636474609,777.50146484375,1,1.0,-0.033613439196036654
2022-01-04,893.4448852539062,849.1559906005859,780.7608144124349,1,1.0,0.01304364014150039
2022-01-05,901.1138305664062,853.3739715576172,784.4419606526693,1,1.0,0.008583568431667299
2022-01-06,870.4376220703125,854.9077850341797,787.9313802083333,1,1.0,-0.03404254540939833
2022-01-07,843.595947265625,855.4829650878906,791.2546376546223,1,1.0,-0.030836988342536564
2022-01-10,839.7613525390625,856.2498657226563,794.2966949462891,1,1.0,-0.004545534789482719
2022-01-11,828.2578735351562,856.4415924072266,797.0192108154297,1,1.0,-0.013698509664828995
2022-01-12,832.0923461914062,857.0167755126953,799.4093994140625,1,1.0,0.004629563785350843
2022-01-13,843.595947265625,858.5505859375,801.9529693603515,1,1.0,0.013824909130425445
2022-01-14,816.7542114257812,857.5919525146485,803.8957946777343,1,1.0,-0.03181823706816844
2022-01-17,855.0994873046875,859.1257598876953,806.3115468343099,1,1.0,0.046948366280191056
2022-01-18,847.430419921875,861.0430206298828,808.446098836263,1,1.0,-0.008968625869471336
2022-01-19,843.595947265625,861.4264739990234,810.4144897460938,1,1.0,-0.004524823001519684
2022-01-20,835.9268798828125,861.6182006835937,812.3061909993489,1,1.0,-0.009090924876619555
2022-01-21,820.5886840820312,860.6595672607422,814.0189453125,1,1.0,-0.018348729021528176
2022-01-24,835.9268798828125,859.5092041015625,816.2813151041667,1,1.0,0.018691697921644712
2022-01-25,832.0923461914062,857.2084899902344,818.3647410074869,1,1.0,-0.004587164001645494
2022-01-26,824.42333984375,853.3739654541016,820.2436604817708,1,1.0,-0.009216532735529026
2022-02-07,843.595947265625,850.1146240234375,822.3909962972006,1,1.0,0.02325577951918323
2022-02-08,839.7613525390625,846.4718231201172,824.5255493164062,1,1.0,-0.004545534789482719
2022-02-09,866.6030883789062,845.7049194335938,826.9540832519531,1,1.0,0.031963528398498475
2022-02-10,889.6102905273438,845.5131896972656,829.2548004150391,1,1.0,0.02654871931217717
2022-02-11,881.941162109375,844.554556274414,831.4532613118489,1,1.0,-0.00862077305043607
2022-02-14,847.430419921875,843.4041961669922,833.3321787516276,1,1.0,-0.039130435986182155
2022-02-15,843.595947265625,843.4041961669922,835.1983154296875,1,1.0,-0.004524823001519684
2022-02-16,866.6030883789062,844.7462829589844,837.0772338867188,1,1.0,0.027272702278685612
2022-02-17,866.6030883789062,846.6635437011719,838.4193176269531,1,1.0,0.0
2022-02-18,858.9341430664062,848.0056335449219,839.5057688395183,1,1.0,-0.008849432243364985
2022-02-21,866.6030883789062,849.1559906005859,840.7839436848958,1,1.0,0.00892844390272085
2022-02-22,851.2650146484375,850.8815307617188,841.1034881591797,1,1.0,-0.01769907577777108
2022-02-23,858.9341430664062,851.0732635498047,841.4869425455729,1,1.0,0.009009096210932599
2022-02-24,812.9197387695312,849.3477294921875,841.2313069661458,1,1.0,-0.05357151612649014
2022-02-25,832.0923461914062,848.7725494384765,841.6147593180339,1,1.0,0.02358487130709297
2022-03-01,843.595947265625,849.1560028076171,842.3816650390625,1,1.0,0.013824909130425445
2022-03-02,828.2578735351562,849.5394622802735,842.9568450927734,1,1.0,-0.018181777402066168
2022-03-03,828.2578735351562,849.1560119628906,843.915478515625,1,1.0,0.0
2022-03-04,786.0780639648438,846.8552978515625,843.8515696207683,1,1.0,-0.050925938548922356
2022-03-07,745.4320678710938,842.9057342529297,843.3658630371094,-1,1.0,-0.051707327754114574
2022-03-08,738.5298461914062,837.6524291992188,842.0621236165365,-1,-1.0,0.009259357059054119
2022-03-09,740.83056640625,832.7058898925782,840.6050018310547,-1,-1.0,-0.003115270461591324
2022-03-10,763.0708618164062,827.5292785644531,839.7741872151693,-1,-1.0,-0.03002075834700424
2022-03-11,738.5298461914062,819.9752563476562,838.2148122151692,-1,-1.0,0.03216086061336798
2022-03-14,723.958740234375,812.0761352539063,836.6682210286458,-1,-1.0,0.019729880968486713
2022-03-15,693.282470703125,804.3687377929688,834.2269063313802,-1,-1.0,0.04237295280297171
2022-03-16,695.5831909179688,796.9680999755859,831.9517537434896,-1,-1.0,-0.0033185899140222297
2022-03-17,742.3644409179688,790.7561676025391,830.5841054280598,-1,-1.0,-0.06725471605813582
2022-03-18,743.13134765625,784.5825805664062,829.2292388916015,-1,-1.0,-0.0010330596348782084
2022-03-21,750.0335083007812,779.137548828125,828.0533192952474,-1,-1.0,-0.009287941716225268
2022-03-22,747.7327880859375,773.1940338134766,826.9668701171875,-1,-1.0,0.0030674899046257975
2022-03-23,749.2666015625,768.0941131591796,825.5225321451823,-1,-1.0,-0.0020512855675205444
2022-03-24,745.4320678710938,762.4190093994141,824.206010945638,-1,-1.0,0.0051177160217869
2022-03-25,744.6651000976562,759.0062774658203,823.1323425292969,-1,-1.0,0.0010288902322487248
2022-03-28,739.2967529296875,754.3664978027343,821.5218404134115,-1,-1.0,0.007209075821150712
2022-03-29,699.4176635742188,747.157583618164,819.310595703125,-1,-1.0,0.053941924129161656
2022-03-30,701.7183837890625,740.8306091308593,817.0098795572917,-1,-1.0,-0.0032894797124316533
2022-03-31,694.0493774414062,734.1201843261719,814.2618001302084,-1,-1.0,0.010928894731595862
2022-04-01,690.21484375,729.3270233154296,811.1302703857422,-1,-1.0,0.005524871595652403
2022-04-06,676.4105224609375,725.8759460449219,807.3852152506511,-1,-1.0,0.02000003537168571
2022-04-07,651.8695678710938,721.5429321289063,803.1033284505208,-1,-1.0,0.03628115438026913
2022-04-08,644.2005004882812,716.7114288330079,798.6297139485677,-1,-1.0,0.01176472681162044
2022-04-11,641.1329345703125,710.6145324707031,794.6162434895833,-1,-1.0,0.004761818588535194
2022-04-12,645.7342529296875,705.9747528076172,790.4877329508464,-1,-1.0,-0.007176855393427495
2022-04-13,674.876708984375,703.5206512451172,786.7171142578125,-1,-1.0,-0.04513072664562645
2022-04-14,660.3055419921875,701.8718048095703,783.214912923177,-1,-1.0,0.02159085770512914
2022-04-15,638.0653076171875,698.9959106445312,779.7894022623698,-1,-1.0,0.03368173210828984
2022-04-18,638.8321533203125,693.8192962646484,776.4405822753906,-1,-1.0,-0.0012018294898192838
2022-04-19,642.666748046875,688.7960662841797,773.3473968505859,-1,-1.0,-0.006002507398277235
2022-04-20,656.4710083007812,684.1179412841797,770.4203745524088,-1,-1.0,-0.02147965535148466
2022-04-21,665.6738891601562,680.0149963378906,767.4550069173177,-1,-1.0,-0.014018716353058513
2022-04-22,654.9371948242188,675.2985260009766,764.758056640625,-1,-1.0,0.016129060356390723
2022-04-25,641.8998413085938,670.1219146728515,761.2047292073568,-1,-1.0,0.019906265239866494
2022-04-26,638.8321533203125,664.8302673339844,757.7280914306641,-1,-1.0,0.004779075785448672
2022-04-27,619.6595458984375,658.8484069824219,753.9958180745442,-1,-1.0,0.03001196374075088
2022-04-28,634.9976806640625,655.627407836914,750.6469980875651,-1,-1.0,-0.02475251913272225
2022-04-29,636.531494140625,652.3680633544922,747.5793782552083,-1,-1.0,-0.002415463116272276
2022-05-03,628.8623657226562,649.1087127685547,744.1283030192058,-1,-1.0,0.01204830945297175
2022-05-04,635.7645263671875,646.386196899414,740.8561726888021,-1,-1.0,-0.010975629995920722
2022-05-05,644.9674682617188,644.8140441894532,737.8652414957683,-1,-1.0,-0.01447539381776708
2022-05-06,639.59912109375,644.2005218505859,734.4652943929036,-1,-1.0,0.008323438672708905
2022-05-09,623.494140625,643.1652038574218,730.8608408610027,-1,-1.0,0.025179803939082368
2022-05-10,628.8623657226562,642.5516754150391,726.8984954833984,-1,-1.0,-0.008609904645254574
2022-05-11,635.7645263671875,642.053189086914,722.6677327473958,-1,-1.0,-0.010975629995920722
2022-05-12,628.8623657226562,639.7524719238281,718.4497528076172,-1,-1.0,0.010856473361247065
2022-05-13,646.501220703125,639.062255859375,715.100932820638,-1,-1.0,-0.028048832211797325
2022-05-16,632.6969604492188,638.7938385009766,711.5859497070312,-1,-1.0,0.021352257059766955
2022-05-17,644.9674682617188,639.1006042480469,707.8920227050781,-1,-1.0,-0.019393973070121806
2022-05-18,655.7041625976562,639.752474975586,704.377040608724,-1,-1.0,-0.01664687734541781
2022-05-19,648.0350341796875,639.3306762695313,700.8620554606119,-1,-1.0,0.01169601911262319
2022-05-20,648.8019409179688,638.4870788574219,697.232036336263,-1,-1.0,-0.0011834340704310886
2022-05-23,646.501220703125,638.0652801513672,693.8193064371745,-1,-1.0,0.0035461056290746473
2022-05-24,636.531494140625,637.7968627929688,690.1125956217448,-1,-1.0,0.015421048318605024
2022-05-25,646.501220703125,638.1803161621094,687.3389536539713,-1,-1.0,-0.015662581748543403
2022-05-26,638.8321533203125,639.1389465332031,684.1179504394531,-1,-1.0,0.011862417482323862
2022-05-27,652.636474609375,640.0208862304687,680.935292561849,-1,-1.0,-0.021608682683416758
2022-05-30,673.3429565429688,641.861459350586,678.3533772786458,-1,-1.0,-0.03172743592976057
2022-05-31,694.0493774414062,645.1208099365234,676.1165690104167,-1,-1.0,-0.030751670745539528
2022-06-01,694.0493774414062,648.0350524902344,674.5827575683594,-1,-1.0,-0.0
2022-06-02,688.6810302734375,650.2207305908203,673.6369069417318,-1,-1.0,0.007734820233913364
2022-06-06,694.0493774414062,652.9432434082031,672.8955657958984,-1,-1.0,-0.007795114039713447
2022-06-07,682.5457763671875,655.8958251953125,671.9241526285807,-1,-1.0,0.01657461478695721
2022-06-08,713.2220458984375,660.1138092041016,671.093339029948,-1,-1.0,-0.044943900604766496
2022-06-09,708.6205444335938,663.7566101074219,670.5948506673177,-1,-1.0,0.00645170952202867
2022-06-10,713.2220458984375,667.9745941162109,670.4159057617187,-1,-1.0,-0.006493604371182515
2022-06-13,680.2450561523438,669.6617858886718,670.1986155192058,-1,-1.0,0.04623663827518543
2022-06-14,674.876708984375,671.7707733154297,669.8535074869792,1,-1.0,0.00789178417309433
2022-06-15,677.9443359375,673.4196166992188,668.779839070638,1,1.0,0.004545462767179265
2022-06-16,669.5084228515625,674.109829711914,667.5527903238932,1,1.0,-0.012443371289874161
2022-06-17,637.2984008789062,673.572998046875,665.673871866862,1,1.0,-0.04810995780376848
2022-06-20,644.2005004882812,673.3429260253906,663.9483337402344,1,1.0,0.01083024780833619
2022-06-21,665.6738891601562,674.3015594482422,662.555121866862,1,1.0,0.03333339333887353
2022-06-22,618.8926391601562,673.4196166992188,660.4461313883463,1,1.0,-0.07027652843499888
2022-06-23,580.9505004882812,670.1420806884765,657.7175547281901,1,1.0,-0.061306495296765684
2022-06-24,564.9300537109375,666.4469757080078,654.8114430745443,1,1.0,-0.02757626813967584
2022-06-27,571.6754760742188,662.39892578125,652.682406616211,1,1.0,0.011940278834470908
2022-06-28,548.9097290039062,656.1772644042969,650.135595703125,1,1.0,-0.03982285059112256
2022-06-29,557.3414306640625,649.3418670654297,647.8571299235026,1,1.0,0.015360816568977587
2022-06-30,548.9097290039062,642.0848846435547,645.5020446777344,-1,1.0,-0.015128431507612894
2022-07-01,516.0256958007812,633.4521179199219,642.8289642333984,-1,-1.0,0.05990790737631646
2022-07-04,515.1824951171875,624.5087738037109,640.5508463541667,-1,-1.0,0.001634028480471783
2022-07-05,518.5552368164062,616.3092468261718,638.4567586263021,-1,-1.0,-0.006546693125610847
2022-07-06,510.1234130859375,606.1543151855469,636.2732666015625,-1,-1.0,0.016260222888181963
2022-07-07,536.261962890625,597.5363861083985,634.4487284342448,-1,-1.0,-0.05123965913770778
2022-07-08,548.9097290039062,589.3207702636719,632.3492787679037,-1,-1.0,-0.02358505168836822
2022-07-11,537.1051635742188,582.1637756347657,630.2959391276041,-1,-1.0,0.021505476776862653
2022-07-12,517.7120361328125,574.3055419921875,628.2900512695312,-1,-1.0,0.036106760382553005
2022-07-13,534.57568359375,567.137109375,626.5524434407552,-1,-1.0,-0.03257341202052211
2022-07-14,544.6937866210938,560.8963775634766,624.9195607503256,-1,-1.0,-0.01892735367109033
2022-07-15,546.380126953125,556.3504638671875,623.0847127278646,-1,-1.0,-0.0030959419282017286
2022-07-18,557.3414306640625,552.0075103759766,621.2791717529296,-1,-1.0,-0.020061680815630867
2022-07-19,558.1846313476562,546.6330474853515,619.6666290283204,-1,-1.0,-0.0015128979063858683
2022-07-20,565.7733154296875,543.9770812988281,618.3978535970052,-1,-1.0,-0.013595293843382095
2022-07-21,603.7164306640625,545.1153778076172,617.8125915527344,-1,-1.0,-0.0670641654521269
2022-07-22,594.4413452148438,546.5909423828125,617.3922882080078,-1,-1.0,0.015363314592939825
2022-07-25,580.1072998046875,547.0125335693359,616.4774485270183,-1,-1.0,0.024113473138339003
2022-07-26,574.2050170898438,548.2772979736328,615.4386739095052,-1,-1.0,0.010174467235338991
2022-07-27,570.8323364257812,548.9518432617188,614.4715067545573,-1,-1.0,0.005873652377953342
2022-07-28,575.0482177734375,550.2587677001953,613.4595682779948,-1,-1.0,-0.00738549847062564
2022-07-29,575.8914184570312,553.2520538330078,612.30830078125,-1,-1.0,-0.0014663130108611977
2022-08-01,585.1664428710938,556.7512512207031,611.401089477539,-1,-1.0,-0.01610550898451102
2022-08-02,575.8914184570312,559.6180603027344,610.6077107747395,-1,-1.0,0.015850232915877727
2022-08-03,578.4209594726562,563.0329376220703,609.767020670573,-1,-1.0,-0.004392392271449941
2022-08-04,576.7345581054688,565.0565673828125,608.7831878662109,-1,-1.0,0.002915526036132876
2022-08-05,604.5595092773438,567.8390563964844,608.378140258789,-1,-1.0,-0.048245680410201164
2022-08-08,597.8140869140625,570.8745025634765,607.5666880289714,-1,-1.0,0.011157582106920083
2022-08-09,585.1664428710938,574.2472229003906,606.7745127360026,-1,-1.0,0.021156483796252346
2022-08-10,563.2437744140625,575.6806274414063,605.412451171875,-1,-1.0,0.03746398776640136
2022-08-11,564.9300537109375,576.6924407958984,603.8995493570964,-1,-1.0,-0.0029938711681798402
2022-08-12,576.7345581054688,578.2101623535157,602.7112080891927,-1,-1.0,-0.02089551497037423
2022-08-15,595.2845458984375,580.1073181152344,601.8192515055339,-1,-1.0,-0.032163822216418
2022-08-16,595.2845458984375,581.9623138427735,600.9656402587891,-1,-1.0,-0.0
2022-08-17,592.7550048828125,583.3113983154296,600.2360321044922,-1,-1.0,0.004249297303371535
2022-08-18,591.9118041992188,582.7211669921875,599.3262084960937,-1,-1.0,0.0014225112848442745
2022-08-19,584.3232421875,582.2152618408203,598.4177266438802,-1,-1.0,0.012820426891106074
2022-08-22,570.8323364257812,581.751513671875,597.0543243408204,-1,-1.0,0.023088086845927225
2022-08-23,569.9891967773438,581.54072265625,595.3317616780599,-1,-1.0,0.0014770355402722313
2022-08-24,562.4005126953125,581.1191314697265,593.1376139322916,-1,-1.0,0.013313733181149479
2022-08-25,564.9300537109375,580.6132232666016,590.9856252034505,-1,-1.0,-0.004497757307336148
2022-08-26,571.6754760742188,580.4024261474609,589.0355326334635,-1,-1.0,-0.011940278834470908
2022-08-29,550.5960083007812,578.6739044189453,586.6446431477865,-1,-1.0,0.03687313634335576
2022-08-30,553.9686889648438,577.577767944336,584.5016916910807,-1,-1.0,-0.00612550874546125
2022-08-31,562.4005126953125,576.7767456054687,581.9879994710286,-1,-1.0,-0.015220758679023172
2022-09-01,546.380126953125,575.2590240478515,579.2839925130208,-1,-1.0,0.02848572392903692
2022-09-02,522.7711181640625,571.1696044921875,576.1098103841146,-1,-1.0,0.043209859993842636
2022-09-05,532.0460815429688,567.8812042236328,573.6398274739583,-1,-1.0,-0.017741920042330106
2022-09-06,530.3597412109375,565.140869140625,571.231211344401,-1,-1.0,0.003169538110572634
2022-09-07,521.9279174804688,563.0750762939454,568.6309377034505,-1,-1.0,0.01589831028881805
2022-09-08,525.3006591796875,561.0936065673828,566.2274749755859,-1,-1.0,-0.006462083338059754
2022-09-12,528.6734008789062,558.6905487060546,564.4170583089193,-1,-1.0,-0.006420592931456914
2022-09-13,527.8301391601562,555.3178283691407,562.4775522867839,-1,-1.0,0.0015950522900303188
2022-09-14,518.5552368164062,551.4813629150391,560.0255747477214,-1,-1.0,0.017571755865452343
2022-09-15,519.3984375,547.8135345458984,558.3673380533854,-1,-1.0,-0.0016260575995152848
2022-09-16,505.9075622558594,543.5133224487305,557.1166224161784,-1,-1.0,0.02597403894604633
2022-09-19,509.2802734375,539.7611740112304,556.1891260782878,-1,-1.0,-0.006666655004328392
2022-09-20,510.1234130859375,536.7257278442382,555.1632583618164,-1,-1.0,-0.0016555513582856562
2022-09-21,510.1234130859375,533.732438659668,554.5168197631835,-1,-1.0,-0.0
2022-09-22,498.3189697265625,530.5283615112305,553.5331120808919,-1,-1.0,0.02314036771604988
2022-09-23,489.0439758300781,526.7340576171875,552.5353495279948,-1,-1.0,0.018612564361284
2022-09-26,479.7690124511719,522.1387344360352,551.931071472168,-1,-1.0,0.018965499704118427
2022-09-27,478.9258117675781,518.555224609375,551.3267934163412,-1,-1.0,0.001757513848770209
2022-09-28,459.5326843261719,513.8334243774414,550.3430842081706,-1,-1.0,0.04049296773091382
2022-09-29,457.8463439941406,508.6057159423828,549.4717997233073,-1,-1.0,0.0036696852901856314
2022-09-30,464.59173583984375,504.51629638671875,548.2772959391276,-1,-1.0,-0.014732872576546097
2022-10-03,462.0622253417969,501.4808517456055,546.8298375447591,-1,-1.0,0.005444587802394429
2022-10-04,483.1416931152344,499.03563232421874,545.9304463704427,-1,-1.0,-0.04562040915126664
2022-10-05,505.0644226074219,497.77086639404297,545.7196528116862,-1,-1.0,-0.04537536255840924
2022-10-06,494.94622802734375,496.4217819213867,545.0591618855794,-1,-1.0,0.020033473210887442
2022-10-07,477.23944091796875,494.01872100830076,543.9349227905274,-1,-1.0,0.03577517335559288
2022-10-11,466.27813720703125,490.89895782470705,542.5998896280925,-1,-1.0,0.02296814297211791
2022-10-12,462.9053955078125,487.65272064208983,541.0259557088216,-1,-1.0,0.007233325841569993
2022-10-13,458.6894836425781,484.65943298339846,539.3677032470703,-1,-1.0,0.009107502107659537
2022-10-14,493.2598571777344,483.35250396728514,538.1591456095377,-1,-1.0,-0.07536770466290932
2022-10-17,487.3575744628906,482.42500457763674,536.2198313395182,-1,-1.0,0.011965868758537557
2022-10-18,495.7893981933594,481.7504608154297,534.5756322224935,-1,-1.0,-0.01730110328081258
2022-10-19,486.5144348144531,480.5700119018555,533.0157511393229,-1,-1.0,0.018707466139259776
2022-10-20,480.6121520996094,479.0944488525391,531.4558700561523,-1,-1.0,0.012131773062591167
2022-10-21,478.0826110839844,478.08263092041017,529.9100413004558,-1,-1.0,0.005263164912860385
2022-10-24,495.7893981933594,478.4199020385742,528.5890609741211,-1,-1.0,-0.03703708668513883
2022-10-25,474.7098693847656,478.1669448852539,526.9027018229167,-1,-1.0,0.04251710279688692
2022-10-26,488.2008056640625,478.6306945800781,525.2866078694661,-1,-1.0,-0.02841932967768601
2022-10-27,496.6325378417969,480.4856872558594,523.9656265258789,-1,-1.0,-0.017271032902670624
2022-10-28,476.3962707519531,481.41318359375,522.2652150472005,-1,-1.0,0.04074696188410043
2022-10-31,497.47576904296875,483.05738525390626,520.9442352294922,-1,-1.0,-0.04424782389195303
2022-11-01,505.0644226074219,485.2074951171875,519.2859837849935,-1,-1.0,-0.015254317972213993
2022-11-02,505.0644226074219,486.3036315917969,517.7401560465495,-1,-1.0,-0.0
2022-11-03,505.9075622558594,486.3457885742188,516.4191747029622,-1,-1.0,-0.0016693705014594329
2022-11-04,503.3779602050781,486.76737518310546,515.4214111328125,-1,-1.0,0.0050001269787343094
2022-11-07,522.7711181640625,489.04395904541013,514.7187622070312,-1,-1.0,-0.038526037077752706
2022-11-08,522.7711181640625,491.86860809326174,513.8193715413412,-1,-1.0,-0.0
2022-11-09,548.0664672851562,496.1266616821289,513.0324035644531,-1,-1.0,-0.048387044046980465
2022-11-10,556.498291015625,501.01710205078126,512.3859659830729,-1,-1.0,-0.015384673636823276
2022-11-11,590.2254028320312,505.8653793334961,512.3438059488932,-1,-1.0,-0.060605957575994296
2022-11-14,587.6959228515625,510.8822967529297,512.2735412597656,-1,-1.0,0.004285616932669711
2022-11-15,608.775390625,516.5315963745118,512.6810770670573,1,-1.0,-0.035867983686457716
2022-11-16,614.6776733398438,522.9397583007812,513.4118326822917,1,1.0,0.009695337238885715
2022-11-17,611.3048706054688,529.4743942260742,514.1004272460938,1,1.0,-0.005487107927719115
2022-11-18,608.775390625,536.009033203125,514.8733418782552,1,1.0,-0.004137837112214382
2022-11-21,607.0890502929688,541.5740158081055,515.5759918212891,1,1.0,-0.002770053385863669
2022-11-22,601.1868286132812,547.8978637695312,516.0678476969401,1,1.0,-0.009722167904097745
2022-11-23,594.4413452148438,553.2098907470703,516.7986033121745,1,1.0,-0.011220278085594226
2022-11-24,613.83447265625,559.069987487793,517.7963663736979,1,1.0,0.032624122796164556
2022-11-25,612.9913330078125,565.8997406005859,518.6395467122396,1,1.0,-0.0013735619063376392
2022-11-28,592.7550048828125,570.6637023925781,519.4124613444011,1,1.0,-0.03301242127797277
2022-11-29,601.1868286132812,575.469822692871,520.719389851888,1,1.0,0.014224803942626707
2022-11-30,618.0504150390625,581.1191223144531,522.1527954101563,1,1.0,0.028050492165105245
2022-12-01,624.7958374023438,587.0635360717773,523.7267303466797,1,1.0,0.010914032575894295
2022-12-02,623.109375,593.0501068115234,525.4130879720052,1,1.0,-0.002699221571890398
2022-12-05,623.109375,598.0670196533204,527.0432332356771,1,1.0,0.0
2022-12-06,611.3048706054688,602.4937072753906,528.4204243977864,1,1.0,-0.01894451418666465
2022-12-07,603.7164306640625,605.2762054443359,529.6851959228516,1,1.0,-0.012413511336643257
2022-12-08,594.4413452148438,607.1733581542969,530.9499643961589,1,1.0,-0.015363314592939825
2022-12-09,614.6776733398438,608.3959716796875,532.5379516601563,1,1.0,0.03404259863130177
2022-12-12,600.3435668945312,609.028353881836,534.1118850708008,1,1.0,-0.023319712211813837
2022-12-13,597.8140869140625,608.4802886962891,535.5874486287435,1,1.0,-0.004213387333445229
2022-12-14,605.4026489257812,608.0165374755859,537.1754358927409,1,1.0,0.012693849438863536
2022-12-15,574.2050170898438,606.1615447998047,538.2434626261394,1,1.0,-0.05153203721736965
2022-12-16,556.498291015625,603.5476898193359,539.213117980957,1,1.0,-0.030836940721902906
2022-12-19,553.1256103515625,600.8495178222656,540.2811452229818,1,1.0,-0.0060605409190156445
2022-12-20,544.6937866210938,598.0248657226563,541.3632247924804,1,1.0,-0.015243958284827053
2022-12-21,551.4392700195312,595.8747619628906,542.5717824300131,1,1.0,0.01238399182094918
2022-12-22,557.3414306640625,593.0501098632812,544.2019282023113,1,1.0,0.010703192473619394
2022-12-23,556.498291015625,590.2254577636719,545.8461273193359,1,1.0,-0.0015127883951366883
2022-12-26,548.9097290039062,588.0331939697265,547.2514272054036,1,1.0,-0.013636271906369068
2022-12-27,553.1256103515625,585.6301330566406,548.7691502888997,1,1.0,0.007680463881204469
2022-12-28,537.9483642578125,581.6250305175781,549.6825948079427,1,1.0,-0.027439058705134745
2022-12-29,530.3597412109375,576.9032257080078,550.1041834513346,1,1.0,-0.014106601211335112
2022-12-30,526.9869995117188,572.0971069335938,550.6381963094076,1,1.0,-0.006359347132039006
2023-01-03,543.0074462890625,568.0920104980469,551.7343297322591,1,1.0,0.030400079683535974
2023-01-04,536.261962890625,564.3398651123047,552.9007268269856,1,1.0,-0.012422451007875535
2023-01-05,532.0460815429688,560.75634765625,554.0530715942383,1,1.0,-0.0078616080188334
2023-01-06,556.498291015625,558.8591949462891,555.683218383789,1,1.0,0.0459588188334048
2023-01-09,569.14599609375,556.5826110839844,556.9479873657226,-1,1.0,0.022727302639227398
2023-01-10,585.1664428710938,555.8237548828125,558.578135172526,-1,-1.0,-0.02814822011803253
2023-01-11,596.1277465820312,555.7394378662109,560.2504409790039,-1,-1.0,-0.0187319417312386
2023-01-12,602.8731689453125,555.6129638671875,562.1897532145182,-1,-1.0,-0.011315397416001627
2023-01-13,585.1664428710938,556.16103515625,563.9323247273763,-1,-1.0,0.029370565794453074
2023-01-16,593.59814453125,558.0160278320312,565.8575836181641,-1,-1.0,-0.014409065596424853
2023-01-17,584.3232421875,559.5759094238281,567.333147684733,-1,-1.0,0.015624884324856092
2023-01-30,623.109375,563.4966888427734,569.8064727783203,-1,-1.0,-0.0663778710347005
2023-01-31,605.4026489257812,566.194857788086,571.7598368326823,-1,-1.0,0.028416722303718722
2023-02-01,610.4617919921875,568.8508758544922,573.6569910685222,-1,-1.0,-0.008356658292432595
2023-02-02,629.8549194335938,572.5187072753906,576.2146352132162,-1,-1.0,-0.03176796270593529
2023-02-03,633.2276000976562,576.7346008300781,578.4771657307942,-1,-1.0,-0.0053546944859863554
2023-02-06,616.364013671875,579.8965209960937,580.3321589152018,-1,-1.0,0.0266311614073369
2023-02-07,604.5595092773438,583.2270782470703,581.9904103597005,1,-1.0,0.019151839063750842
2023-02-08,627.3253784179688,588.0753601074218,584.014040629069,1,1.0,0.03765695318867457
2023-02-09,631.541259765625,593.3030731201172,586.1500956217448,1,1.0,0.006720406176278226
2023-02-10,623.95263671875,597.3503326416015,587.8364542643229,1,1.0,-0.012016036845623135
2023-02-13,616.364013671875,601.355435180664,589.3963358561198,1,1.0,-0.012162178024893278
2023-02-14,617.2072143554688,605.613491821289,590.548681640625,1,1.0,0.0013680238704569803
2023-02-15,598.6572875976562,607.7214416503906,591.2513315836588,1,1.0,-0.03005461751963423
2023-02-16,599.5004272460938,609.2391632080078,591.4059153238933,1,1.0,0.0014083845063022071
2023-02-17,609.6185913085938,610.4617706298828,591.7712931315104,1,1.0,0.016877659468867323
2023-02-20,612.1480712890625,611.2627868652344,591.8275044759115,1,1.0,0.004149282873803228
2023-02-21,611.3048706054688,611.6843719482422,591.7712910970052,1,1.0,-0.0013774456265428503
2023-02-22,601.1868286132812,612.4853912353516,591.6026570638021,1,1.0,-0.01655154813696491
2023-02-23,628.1685180664062,614.2139099121093,591.9258758544922,1,1.0,0.04488070624461593
2023-02-24,609.6185913085938,615.4786773681641,591.9680348714193,1,1.0,-0.029530175779760248
2023-03-01,666.9547729492188,617.670947265625,593.0641672770182,1,1.0,0.09405254770453841
2023-03-02,653.4639282226562,620.0740112304687,594.0478769938151,1,1.0,-0.020227525574046168
2023-03-03,653.4639282226562,622.2241180419921,594.7083679199219,1,1.0,0.0
2023-03-06,661.052490234375,623.7839965820312,595.5093872070313,1,1.0,0.011612824647197817
2023-03-07,664.4252319335938,625.3438781738281,596.703890991211,1,1.0,0.00510207850215183
2023-03-08,647.5616455078125,626.903759765625,597.4768046061198,1,1.0,-0.02538071345771331
2023-03-09,646.7184448242188,629.0117065429688,597.9546051025391,1,1.0,-0.0013021164694405618
2023-03-10,637.4434814453125,629.517611694336,598.1653991699219,1,1.0,-0.014341578554214918
2023-03-13,644.1888427734375,630.1499908447265,598.5167236328125,1,1.0,0.010581897100635285
2023-03-14,641.659423828125,631.0353302001953,598.8258911132813,1,1.0,-0.003926517780752814
2023-03-15,639.1298828125,632.1736236572266,599.2896413167317,1,1.0,-0.003942186340120779
2023-03-16,637.4434814453125,633.1854370117187,599.8517588297526,1,1.0,-0.0026385894519067588
2023-03-17,651.7775268554688,635.8414489746094,600.8073618570963,1,1.0,0.022486770713626036
2023-03-20,649.2479858398438,638.3288269042969,601.3835337320963,1,1.0,-0.003880988391589568
2023-03-21,650.0911865234375,640.3524566650391,602.2126607259114,1,1.0,0.0012987343849870658
2023-03-22,658.5228881835938,642.6711975097656,603.2244740804036,1,1.0,0.01297002918197876
2023-03-23,668.6411743164062,645.5380126953125,604.2784495035808,1,1.0,0.015365124454097323
2023-03-24,666.111572265625,648.7842498779297,605.810225423177,1,1.0,-0.0037831981456533104
2023-03-27,657.6798095703125,650.259814453125,607.4965840657552,1,1.0,-0.012658183773378684
2023-03-28,645.8753051757812,652.0726501464844,609.0424123128255,1,1.0,-0.017948710334050877
2023-03-29,651.7775268554688,651.3137878417969,610.8271413167317,1,1.0,0.009138330003314099
2023-03-30,655.993408203125,651.4402618408203,612.5697102864583,1,1.0,0.006468282771263878
2023-03-31,663.58203125,651.9461669921875,614.3403869628906,1,1.0,0.01156813917941868
2023-04-06,634.9139404296875,650.6392395019532,615.647314453125,1,1.0,-0.04320202999817513
2023-04-07,631.541259765625,648.9950408935547,617.024506632487,1,1.0,-0.00531202805498332
2023-04-10,625.6389770507812,647.8989074707031,618.2330627441406,1,1.0,-0.009345838650406169
2023-04-11,637.4434814453125,647.4351593017578,619.8913146972657,1,1.0,0.018867917165546366
2023-04-12,639.1298828125,647.5194793701172,621.704150390625,1,1.0,0.002645570025069155
2023-04-13,632.3843994140625,646.9292572021484,623.4607737223307,1,1.0,-0.010554166813095844
2023-04-14,630.6980590820312,646.3811889648438,624.9222839355468,1,1.0,-0.002666638097957086
2023-04-17,597.8140869140625,644.3153991699219,625.9481526692708,1,1.0,-0.052139009617107046
2023-04-18,580.1072998046875,641.4485900878906,626.7491729736328,1,1.0,-0.029619220250861056
2023-04-19,569.14599609375,637.3170135498046,626.9599680582683,1,1.0,-0.018895303876762082
2023-04-20,567.4596557617188,633.2275970458984,626.9318623860677,1,1.0,-0.002962931029305671
2023-04-21,560.7141723632812,628.7587463378907,626.5243245442708,1,1.0,-0.01188715943053753
2023-04-24,569.9891967773438,624.3320617675781,626.088682047526,-1,1.0,0.016541448158819305
2023-04-25,548.0664672851562,618.3033264160156,625.1752370198568,-1,-1.0,0.03846165789831846
2023-04-26,547.2233276367188,612.3589141845703,624.5428517659506,-1,-1.0,0.0015383894085219119
2023-04-27,558.1846313476562,607.3841552734375,623.952626546224,-1,-1.0,-0.02003076834877615
2023-04-28,560.7141723632812,603.1260986328125,623.5591420491536,-1,-1.0,-0.004531728165853899
2023-05-02,565.7733154296875,598.8258880615234,622.6035410563151,-1,-1.0,-0.009022677356420594
2023-05-03,573.3618774414062,594.6943115234375,622.0695281982422,-1,-1.0,-0.013412725211254362
2023-05-04,563.2437744140625,589.6773986816406,621.2825612386067,-1,-1.0,0.017646975540988485
2023-05-05,569.14599609375,586.3890014648438,620.2707458496094,-1,-1.0,-0.010478982543264737
2023-05-08,569.14599609375,583.26923828125,619.2027191162109,-1,-1.0,-0.0
2023-05-09,570.8323364257812,580.52890625,618.443857828776,-1,-1.0,-0.00296293102930556
2023-05-10,563.2437744140625,576.8189208984375,617.7552622477214,-1,-1.0,0.013293854477890776
2023-05-11,563.2437744140625,573.0246154785157,616.6872355143229,-1,-1.0,-0.0
2023-05-12,567.4596557617188,569.7783782958984,615.6192087809245,-1,-1.0,-0.007485003011426183
2023-05-15,573.3618774414062,566.9115692138672,614.7760294596354,-1,-1.0,-0.01040113005349208
2023-05-16,573.3618774414062,565.6889587402344,614.0593271891277,-1,-1.0,-0.0
2023-05-17,577.5778198242188,565.5624847412109,613.3988372802735,-1,-1.0,-0.007353021797727344
2023-05-18,580.9505004882812,566.1527099609375,613.1037241617838,-1,-1.0,-0.005839352808057807
2023-05-19,588.5390625,567.2066802978516,612.9210347493489,-1,-1.0,-0.013062321153593404
2023-05-22,594.4413452148438,568.8930389404297,612.6680806477865,-1,-1.0,-0.010028701730981027
2023-05-23,603.7164306640625,570.5794006347656,612.5275533040365,-1,-1.0,-0.015603028833511834
2023-05-24,599.5004272460938,573.1510986328125,612.3308125813802,-1,-1.0,0.0069834167231979105
2023-05-25,596.9708862304688,575.6384765625,612.260546875,-1,-1.0,0.004219414867216775
2023-05-26,615.5208740234375,578.5052886962891,612.0497528076172,-1,-1.0,-0.031073521709075846
2023-05-29,622.2662353515625,581.5828918457031,612.260546875,-1,-1.0,-0.010958785660724946
2023-05-30,643.3457641601562,585.4615142822265,611.8670633951823,-1,-1.0,-0.033875417965888
2023-05-31,639.9730224609375,588.7920715332032,611.6422149658204,-1,-1.0,0.005242502379139258
2023-06-01,630.6980590820312,592.1647857666015,611.2627838134765,-1,-1.0,0.0144927411834338
2023-06-02,633.2276000976562,595.3688659667969,610.7990356445313,-1,-1.0,-0.004010700491621444
2023-06-05,639.9730224609375,598.9102172851562,610.391498819987,-1,-1.0,-0.010652445285456613
2023-06-06,638.2866821289062,602.2829345703125,610.2369160970052,-1,-1.0,0.0026350178411375103
2023-06-07,647.5616455078125,606.498828125,610.2509694417317,-1,-1.0,-0.014531030708601067
2023-06-08,647.5616455078125,610.7147216796875,610.4196055094401,1,-1.0,-0.0
2023-06-09,644.1888427734375,614.5511810302735,610.4196055094401,1,1.0,-0.005208465877762247
2023-06-12,646.7184448242188,618.2190093994141,610.5039225260417,1,1.0,0.003926802022665488
2023-06-13,656.8366088867188,622.3927459716797,610.7990346272786,1,1.0,0.015645392741582054
2023-06-14,657.6798095703125,626.3978454589844,611.1363067626953,1,1.0,0.001283729731542893
2023-06-15,645.8753051757812,629.6440856933593,611.0379364013672,1,1.0,-0.017948710334050877
2023-06-16,633.2276000976562,631.8785125732422,610.7709299723307,1,1.0,-0.019582270721254513
2023-06-19,661.895751953125,635.2512329101562,610.9676727294922,1,1.0,0.045273061141124504
2023-06-20,645.0975952148438,637.3202911376953,610.7439178466797,1,1.0,-0.025378855641108422
2023-06-21,646.9647216796875,639.693505859375,610.3826436360677,1,1.0,0.0028943317704073213
2023-06-26,639.4961547851562,641.8197692871094,609.9390533447265,1,1.0,-0.011544009502003294
2023-06-27,635.7619018554688,642.831820678711,609.5737548828125,1,1.0,-0.005839367292117759
2023-06-28,648.8319091796875,644.1601043701172,609.6230316162109,1,1.0,0.020558022250270147
2023-06-29,649.765380859375,644.4810852050781,609.5894958496094,1,1.0,0.0014386957029712821
2023-06-30,642.296875,644.5972778320313,609.3612202962239,1,1.0,-0.011494157859714194
2023-07-03,645.0975952148438,645.3172546386719,609.0531463623047,1,1.0,0.004360476165859772
2023-07-04,653.4996948242188,646.330859375,609.3629089355469,1,1.0,0.013024540273749885
2023-07-05,650.6990356445312,646.8671600341797,609.6822052001953,1,1.0,-0.0042856319625992345
2023-07-06,644.1640014648438,647.1610260009766,609.9909556070963,1,1.0,-0.01004309799416625
2023-07-07,636.6953735351562,646.6177124023437,609.9784871419271,1,1.0,-0.011594295727025528
2023-07-10,628.2932739257812,645.6542938232421,609.7978769938151,1,1.0,-0.01319642007562205
2023-07-11,640.4296875,645.4663360595703,609.9319651285807,1,1.0,0.019316478590303054
2023-07-12,639.4961547851562,645.1052215576171,610.0786000569661,1,1.0,-0.0014576662092101733
2023-07-13,634.8283081054688,644.0048065185547,610.6955037434896,1,1.0,-0.0072992568364319554
2023-07-14,646.0311279296875,643.4223724365235,611.7942342122395,1,1.0,0.017647007358023492
2023-07-17,637.6290283203125,643.01005859375,612.9356180826823,1,1.0,-0.013005719455501996
2023-07-18,637.6290283203125,643.2301300048828,614.1051076253256,1,1.0,0.0
2023-07-19,649.765380859375,642.6236114501953,615.5892944335938,1,1.0,0.019033563404465603
2023-07-20,646.0311279296875,642.6702880859375,616.8566599527995,1,1.0,-0.005747078929857152
2023-07-21,636.6953735351562,642.1568206787109,618.3338083902995,1,1.0,-0.014450935861944014
2023-07-24,630.160400390625,641.6900329589844,619.7160929361979,1,1.0,-0.010263892932418806
2023-07-25,620.82470703125,640.9431732177734,620.7600941975911,1,1.0,-0.014814788986404093
2023-07-26,611.489013671875,639.0760284423828,621.6063415527344,1,1.0,-0.015037567373917482
2023-07-27,614.2897338867188,637.30224609375,622.4149485270183,1,1.0,0.004580164405613596
2023-07-28,614.2897338867188,635.901889038086,623.0970794677735,1,1.0,0.0
2023-07-31,644.1640014648438,635.8552093505859,624.4457499186198,1,1.0,0.04863221038890764
2023-08-01,665.6361083984375,636.4620300292969,626.0539184570313,1,1.0,0.033333292274584814
2023-08-02,661.9017944335938,637.02216796875,627.5998484293619,1,1.0,-0.005610143316637006
2023-08-04,659.1011352539062,637.7690246582031,629.0709950764974,1,1.0,-0.004231230679898834
2023-08-07,659.1011352539062,638.8893127441406,630.6686177571614,1,1.0,0.0
2023-08-08,644.1640014648438,639.6828491210938,632.0172882080078,1,1.0,-0.022662885845748493
2023-08-09,654.433349609375,640.3830322265625,633.4668497721354,1,1.0,0.015942132936920483
2023-08-10,646.9647216796875,640.756460571289,634.6935638427734,1,1.0,-0.01141235839240995
2023-08-11,633.8947143554688,640.7097808837891,635.7024444580078,1,1.0,-0.020202040213700756
2023-08-14,627.3597412109375,639.7762115478515,636.5321431477864,1,1.0,-0.01030924063024552
2023-08-15,632.9611206054688,639.5428161621094,637.3989868164062,1,1.0,0.008928496724573742
2023-08-16,643.2304077148438,639.822885131836,638.3105092366536,1,1.0,0.016224198888474817
2023-08-17,629.2269287109375,638.7959625244141,638.8902689615885,-1,1.0,-0.021770548835922332
2023-08-18,629.2269287109375,637.9557525634766,639.3154439290364,-1,-1.0,-0.0
2023-08-21,624.5590209960938,637.3489349365234,639.7330871582031,-1,-1.0,0.0074184805224509764
2023-08-22,627.3597412109375,637.2089019775391,640.2395680745443,-1,-1.0,-0.004484316326705207
2023-08-23,626.4262084960938,637.4889770507813,640.4213236490885,-1,-1.0,0.0014880341429652777
2023-08-24,645.0975952148438,639.1694061279297,640.8018463134765,-1,-1.0,-0.02980620297413128
2023-08-25,647.8983154296875,640.8498352050781,640.8777221679687,-1,-1.0,-0.004341544962527699
2023-08-28,654.433349609375,642.8570159912109,641.1187276204427,1,-1.0,-0.01008651207150213
2023-08-29,662.83544921875,643.7905883789062,641.654350789388,1,1.0,0.01283873997923557
2023-08-30,661.9017944335938,643.603872680664,642.1322540283203,1,1.0,-0.001408577025047042
2023-08-31,658.1675415039062,643.4171600341797,642.4354960123698,1,1.0,-0.005641702381065428
2023-09-01,662.83544921875,643.6038757324219,642.8446421305339,1,1.0,0.00709227882034047
2023-09-04,663.7689819335938,643.8372680664063,643.1147644042969,1,1.0,0.001408392861220742
2023-09-05,670.3040161132812,645.1442687988281,643.493803914388,1,1.0,0.009845344325446703
2023-09-06,664.70263671875,645.6577331542969,643.8357004801433,1,1.0,-0.008356475957000065
2023-09-07,669.3704223632812,646.7780181884766,644.2132334391276,1,1.0,0.0070223666744777535
2023-09-08,661.9017944335938,648.1783721923828,644.2976531982422,1,1.0,-0.011157690391097264
2023-09-11,666.5697021484375,650.1388702392578,644.4458180745443,1,1.0,0.007052266294032661
2023-09-12,679.6397094726562,652.4727996826172,645.0085581461589,1,1.0,0.019607862886795502
2023-09-13,683.3739624023438,654.4799774169921,645.844330851237,1,1.0,0.005494459605053015
2023-09-14,684.3075561523438,657.2340087890625,646.217860921224,1,1.0,0.0013661535284692494
2023-09-15,712.314697265625,661.3883972167969,647.3381459554037,1,1.0,0.040927709860105965
2023-09-18,730.0525512695312,666.6630737304688,648.7229431152343,1,1.0,0.024901709977341202
2023-09-19,721.650390625,671.3776062011718,650.0921803792318,1,1.0,-0.011508980593137097
2023-09-20,708.5803833007812,675.4853149414063,651.3058217366537,1,1.0,-0.01811127312340144
2023-09-21,696.4439697265625,678.0526336669922,652.0993560791015,1,1.0,-0.017127786571911163
2023-09-22,696.4439697265625,680.4799163818359,652.8773325602214,1,1.0,0.0
2023-09-25,704.8461303710938,683.0005554199219,653.9198201497396,1,1.0,0.012064374177624293
2023-09-26,688.0418090820312,684.260873413086,654.635557047526,1,1.0,-0.023841120160814633
2023-09-27,688.0418090820312,685.5678741455079,655.211258951823,1,1.0,0.0
2023-09-28,686.1747436523438,686.9682342529297,655.8025207519531,1,1.0,-0.0027135929896157096
2023-10-02,695.5104370117188,688.6019836425781,656.6582946777344,1,1.0,0.013605416762621392
2023-10-03,720.7168579101562,691.4493774414062,658.058652750651,1,1.0,0.036241614154257196
2023-10-04,728.1854248046875,694.3434478759766,659.7235219319662,1,1.0,0.010362692106561378
2023-10-05,733.7868041992188,697.79765625,661.2794738769531,1,1.0,0.007692243216806505
2023-10-06,733.7868041992188,701.0184753417968,662.8509847005208,1,1.0,0.0
2023-10-11,759.9268188476562,705.9197265625,664.9359598795573,1,1.0,0.03562344607295587
2023-10-12,760.8604125976562,710.6342620849609,666.8497812906901,1,1.0,0.001228531125425647
2023-10-13,786.0667724609375,715.955615234375,669.3237436930339,1,1.0,0.033128757188488844
2023-10-16,784.1996459960938,720.9968994140625,671.7665873209636,1,1.0,-0.002375277177787738
2023-10-17,770.1961059570312,725.2913269042969,673.7737660725911,1,1.0,-0.017857110890779793
2023-10-18,758.9932250976562,727.6252532958985,675.6564676920573,1,1.0,-0.014545491430983715
2023-10-19,774.8639526367188,729.8658233642578,677.95927734375,1,1.0,0.020910236105230684
2023-10-20,772.996826171875,732.4331451416016,680.3398844401041,1,1.0,-0.0024096184349398087
2023-10-23,766.4617919921875,735.3272155761719,682.7671691894532,1,1.0,-0.008454153960826827
2023-10-24,761.7939453125,738.5947143554688,685.2722513834635,1,1.0,-0.00609012311958157
2023-10-25,767.3954467773438,742.1422882080078,687.8240132649739,1,1.0,0.007353040148600609
2023-10-26,762.7274780273438,745.0363555908203,690.2979756673177,1,1.0,-0.006082872617505064
2023-10-27,747.7904052734375,748.0237854003906,692.0250823974609,1,1.0,-0.01958376115219851
2023-10-30,800.0703735351562,753.6252136230469,694.2656534830729,1,1.0,0.06991259568595565
2023-10-31,786.0667724609375,758.6198150634766,696.3350697835286,1,1.0,-0.01750296166116372
2023-11-01,789.8010864257812,763.3343475341796,698.5134023030599,1,1.0,0.004750632001849775
2023-11-02,810.3396606445312,767.8154876708984,701.0340443929036,1,1.0,0.026004742930522795
2023-11-03,812.2068481445312,772.0165588378907,703.8347585042318,1,1.0,0.0023042035219094092
2023-11-06,823.40966796875,776.4977020263672,706.651030476888,1,1.0,0.013793062505950804
2023-11-07,829.0110473632812,781.2589141845704,709.685135904948,1,1.0,0.006802664108072953
2023-11-08,853.283935546875,785.9267700195312,713.3416229248047,1,1.0,0.02927933018600304
2023-11-09,844.8817749023438,790.1278381347656,716.9669901529948,1,1.0,-0.009846852020185093
2023-11-10,825.2767944335938,792.0883392333984,720.1722513834635,1,1.0,-0.023204406878129302
2023-11-13,845.8153076171875,795.1691223144531,723.5486663818359,1,1.0,0.024886817758749347
2023-11-14,844.8817749023438,798.9034057617188,727.1429138183594,1,1.0,-0.0011037075191671075
2023-11-15,847.6824951171875,803.3378692626953,730.7838399251302,1,1.0,0.0033149255884559192
2023-11-16,833.678955078125,806.2786193847656,734.2691721598308,1,1.0,-0.016519793813987604
2023-11-17,843.9482421875,809.8261901855469,737.8789805094401,1,1.0,0.012318035674071526
2023-11-20,851.416748046875,814.0739379882813,741.6288228352864,1,1.0,0.008849483281127224
2023-11-21,864.4867553710938,819.2085784912109,745.2853088378906,1,1.0,0.015350892913724046
2023-11-22,879.4239501953125,824.8100036621094,749.1440694173177,1,1.0,0.017278685568533403
2023-11-23,868.2210693359375,830.084683227539,752.707198079427,1,1.0,-0.012738885331570637
2023-11-24,882.224609375,836.8063934326171,756.3636840820312,1,1.0,0.016129002777798496
2023-11-27,869.1546020507812,840.2606048583984,759.8178975423177,1,1.0,-0.014814829676399577
2023-11-28,879.4239501953125,844.9284637451171,763.5055043538412,1,1.0,0.011815329655162188
2023-11-29,885.0253295898438,849.6896759033203,767.2086690266927,1,1.0,0.006369373262221423
2023-11-30,882.224609375,853.2839233398438,770.8495961507161,1,1.0,-0.003164565036959721
2023-12-01,884.0917358398438,856.8781677246094,774.4127248128256,1,1.0,0.0021163844728457892
2023-12-04,871.021728515625,859.2587707519531,777.8513763427734,1,1.0,-0.014783542017619777
2023-12-05,867.2874145507812,861.1725891113281,781.1499928792317,1,1.0,-0.004287279918042564
2023-12-06,865.4203491210938,861.779409790039,784.5419687906901,1,1.0,-0.0021527643528120866
2023-12-07,869.1546020507812,862.993051147461,787.9183837890625,1,1.0,0.004314958544110903
2023-12-08,880.3574829101562,865.7470855712891,791.2636800130208,1,1.0,0.012889399461202489
2023-12-11,878.4903564453125,867.3808380126953,794.5156199137369,1,1.0,-0.0021208730556496747
2023-12-12,876.6231689453125,868.9679077148437,797.7208801269531,1,1.0,-0.0021254501956690097
2023-12-13,891.5603637695312,871.1618011474609,800.7083079020182,1,1.0,0.01703947072513512
2023-12-14,901.8296508789062,874.5693359375,803.5712595621745,1,1.0,0.011518330700521773
2023-12-15,929.8367919921875,878.8637634277344,807.0410329182943,1,1.0,0.031055910709950618
2023-12-18,923.3017578125,882.4580139160156,810.6197224934896,1,1.0,-0.007028151860592802
2023-12-19,926.1024780273438,885.5388000488281,814.4473642985026,1,1.0,0.0030333747240764986
2023-12-20,917.7003173828125,887.4526184082031,818.1349700927734,1,1.0,-0.009072603565890902
2023-12-21,911.1653442382812,889.5998321533203,821.5736236572266,1,1.0,-0.007121031801719635
2023-12-22,924.2353515625,891.7003692626953,825.5101826985677,1,1.0,0.014344276158950064
2023-12-25,928.9031372070312,894.6877960205078,829.5245381673177,1,1.0,0.005050429673177925
2023-12-26,933.571044921875,897.395150756836,833.6478098551432,1,1.0,0.005025182419857943
2023-12-27,970.9138793945312,901.6895782470704,838.2378672281901,1,1.0,0.03999999215462102
2023-12-28,956.9102783203125,905.423861694336,842.1744242350261,1,1.0,-0.01442311349277603
2023-12-29,947.5745849609375,908.5980041503906,845.8309102376302,1,1.0,-0.009756080137170442
2024-01-02,915.8331298828125,910.83857421875,848.8650156656901,1,1.0,-0.03349757959098654
2024-01-03,889.6931762695312,911.9588623046875,851.4634552001953,1,1.0,-0.0285422668828611
2024-01-04,889.3098754882812,913.1533386230469,853.619839477539,1,1.0,-0.00043082355970980313
2024-01-05,882.6016845703125,913.8256927490235,855.6488606770833,1,1.0,-0.007543142275672543
2024-01-08,881.6433715820312,913.8899871826172,857.2418039957682,1,1.0,-0.0010857819614833453
2024-01-09,889.3098754882812,914.4309631347656,858.9936411539713,1,1.0,0.008695697323162666
2024-01-10,885.4766235351562,914.8736358642578,860.9149831136068,1,1.0,-0.004310367014670025
2024-01-11,881.6433715820312,914.3777862548828,862.9591522216797,1,1.0,-0.004329026708600359
2024-01-12,887.3932495117188,913.6559661865234,864.8346405029297,1,1.0,0.00652177299237211
2024-01-15,883.5599975585938,911.3421264648438,866.6773600260417,1,1.0,-0.004319676710673903
2024-01-16,857.6857299804688,908.0613250732422,868.1977589925131,1,1.0,-0.029284109341323084
2024-01-17,842.352783203125,903.8738403320312,869.5404062906902,1,1.0,-0.017877115406470523
2024-01-18,859.602294921875,900.9689392089844,871.0771870930989,1,1.0,0.020477776132177272
2024-01-19,881.6433715820312,899.4928405761718,873.0591186523437,1,1.0,0.025641016537955474
2024-01-22,883.5599975585938,897.4590728759765,875.3219451904297,1,1.0,0.0021739243307907774
2024-01-23,873.0186767578125,894.6648498535156,876.5377502441406,1,1.0,-0.01193050933712303
2024-01-24,896.9763793945312,892.8351165771485,878.3862436930339,1,1.0,0.02744237125108495
2024-01-25,903.6845092773438,889.4736480712891,880.2843007405598,1,1.0,0.007478602599703343
2024-01-26,896.9763793945312,886.476953125,881.7282460530599,1,1.0,-0.007423088272451195
2024-01-29,898.8929443359375,884.04287109375,883.1730143229166,1,1.0,0.0021366949960264225
2024-01-30,922.8506469726562,884.3937469482422,884.8303639729818,-1,1.0,0.026652453762909145
2024-01-31,925.7255859375,886.1953674316406,886.4422729492187,-1,-1.0,-0.003115280868334125
2024-02-01,891.2265014648438,886.2911987304688,887.0746490478516,-1,-1.0,0.037267074602586825
2024-02-02,896.9763793945312,887.0099334716797,887.9428924560547,-1,-1.0,-0.006451646040862569
2024-02-05,897.9346313476562,887.824496459961,889.1538564046224,-1,-1.0,-0.0010683134752911272
2024-02-15,931.4754028320312,889.9327728271485,890.5815246582031,-1,-1.0,-0.03735324411537144
2024-02-16,929.5587768554688,892.1368804931641,891.9928080240885,1,-1.0,0.0020576238199476737
2024-02-19,922.8506469726562,894.1972442626953,893.2456105550131,1,1.0,-0.007216466618178652
2024-02-20,941.0585327148438,896.8805084228516,895.0352701822917,1,1.0,0.019730046028484827
2024-02-21,940.1001586914062,899.7075164794921,896.6378021240234,1,1.0,-0.0010184000145800898
2024-02-22,972.6826782226562,905.4573638916015,898.6589009602865,1,1.0,0.03465856188834593
2024-02-23,1054.138916015625,916.0466705322266,901.819770304362,1,1.0,0.0837438967678652
2024-02-26,1068.513427734375,926.4922271728516,904.9712615966797,1,1.0,0.01363625941548774
2024-02-27,1068.513427734375,935.8357299804687,908.309467569987,1,1.0,0.0
2024-02-29,1092.4710693359375,946.281283569336,911.8135752360026,1,1.0,0.0224214698474694
2024-03-01,1058.930419921875,955.576870727539,914.9765055338542,1,1.0,-0.03070163627715128
2024-03-04,1102.0543212890625,965.8307678222657,918.68701171875,1,1.0,0.04072401789191127
2024-03-05,1106.8458251953125,975.9888336181641,922.3840199788411,1,1.0,0.004347792857112065
2024-03-06,1140.386474609375,988.1593383789062,926.6867177327474,1,1.0,0.0303029099903267
2024-03-07,1178.7188720703125,1002.150634765625,931.5971700032552,1,1.0,0.033613514641225306
2024-03-08,1178.7188720703125,1014.9440460205078,936.7254557291667,1,1.0,0.0
2024-03-11,1173.92724609375,1027.3541290283204,941.8361195882161,1,1.0,-0.0040651134804913225
2024-03-12,1164.34423828125,1041.0100158691407,946.818184407552,1,1.0,-0.008163204188664563
2024-03-13,1164.34423828125,1054.3784088134767,951.7380116780599,1,1.0,0.0
2024-03-14,1102.0543212890625,1064.5843933105468,955.432958984375,1,1.0,-0.05349785307834476
2024-03-15,1087.6796875,1072.3946075439453,958.9194478352864,1,1.0,-0.013043489337484448
2024-03-18,1121.220458984375,1081.9776916503906,962.9960693359375,1,1.0,0.030836993528368106
2024-03-19,1102.0543212890625,1090.9378753662108,966.504301961263,1,1.0,-0.017093995691689012
2024-03-20,1082.8880615234375,1098.0293518066405,969.5219421386719,1,1.0,-0.017391392960744767
2024-03-21,1092.4710693359375,1105.647897338867,972.2325134277344,1,1.0,0.008849490684215588
2024-03-22,1078.0965576171875,1110.9185913085937,974.8124267578125,1,1.0,-0.013157796231151098
2024-03-25,1073.3050537109375,1111.8768981933595,977.2658030192057,1,1.0,-0.0044444107277739064
2024-03-26,1082.8880615234375,1112.5956298828125,980.0189320882162,1,1.0,0.008928503391805398
2024-03-27,1116.4288330078125,1114.9914001464845,983.439990234375,1,1.0,0.030973442847997523
2024-03-28,1111.6373291015625,1115.9497131347657,986.5633565266927,1,1.0,-0.004291813113909804
2024-03-29,1135.5950927734375,1119.7829467773438,990.0082224527995,1,1.0,0.021551780463541892
2024-04-01,1111.6373291015625,1120.2620971679687,992.9759938557943,1,1.0,-0.021097100387571732
2024-04-02,1116.4288330078125,1120.7412475585938,995.4012430826823,1,1.0,0.004310312168198438
2024-04-03,1111.6373291015625,1119.3037902832032,997.9800272623698,1,1.0,-0.004291813113909804
2024-04-08,1102.0543212890625,1115.4705627441406,1000.5546895345052,1,1.0,-0.008620624336396765
2024-04-09,1111.6373291015625,1112.1164855957031,1003.8180928548177,1,1.0,0.008695585714223908
2024-04-10,1145.1781005859375,1110.6790283203125,1008.0761749267579,1,1.0,0.030172404799938768
2024-04-11,1149.9696044921875,1109.9602966308594,1012.4205037434896,1,1.0,0.0041840687520993125
2024-04-12,1130.803466796875,1108.2832580566405,1016.5572001139323,1,1.0,-0.016666647205667684
2024-04-15,1063.721923828125,1106.3666381835938,1019.5918426513672,1,1.0,-0.05932201743134535
2024-04-16,1011.0149536132812,1102.5334014892578,1021.6202606201172,1,1.0,-0.049549575912811616
2024-04-17,1006.2235107421875,1096.7835540771484,1023.6327087402344,1,1.0,-0.0047392403583839116
2024-04-18,1006.2235107421875,1091.9920135498046,1025.7090443929037,1,1.0,0.0
2024-04-19,951.599853515625,1085.4276031494142,1026.7791544596355,1,1.0,-0.05428580891165247
2024-04-22,925.7255859375,1077.0903289794921,1027.4819142659505,1,1.0,-0.027190281169689356
2024-04-23,931.4754028320312,1069.7592712402343,1028.71174214681,1,1.0,0.00621114613431395
2024-04-24,967.89111328125,1064.48857421875,1030.804047648112,1,1.0,0.03909465600326256
2024-04-25,940.1001586914062,1057.3491790771484,1032.1456787109375,1,1.0,-0.02871289363906815
2024-04-26,963.099609375,1049.6827178955077,1033.5032826741538,1,1.0,0.024464893948755728
2024-04-29,972.6826782226562,1042.7349853515625,1034.9886606852212,1,1.0,0.009950236459835393
2024-04-30,950.6416015625,1033.4873107910157,1036.2823760986328,-1,1.0,-0.022660089619803925
2024-05-02,958.3080444335938,1025.8208465576172,1037.3045705159504,-1,-1.0,-0.008064493346906954
2024-05-03,996.640380859375,1019.8314239501954,1038.8538350423178,-1,-1.0,-0.040000015285729384
2024-05-06,991.8488159179688,1013.8419982910157,1040.4350423177084,-1,-1.0,0.00480771703959515
2024-05-07,1001.431884765625,1008.8108764648438,1042.144024658203,-1,-1.0,-0.009661824154911125
2024-05-08,1049.3472900390625,1005.6963745117188,1044.2523020426431,-1,-1.0,-0.0478468940347867
2024-05-09,1049.3472900390625,1000.904833984375,1046.3126637776693,-1,-1.0,-0.0
2024-05-10,1049.3472900390625,995.8737182617188,1048.9480102539062,-1,-1.0,-0.0
2024-05-13,1068.513427734375,992.7592163085938,1051.8069610595703,-1,-1.0,-0.018264818404018612
2024-05-14,1106.8458251953125,994.9154113769531,1055.2888142903646,-1,-1.0,-0.03587451169632527
2024-05-15,1106.8458251953125,999.7069549560547,1058.211654663086,-1,-1.0,-0.0
2024-05-16,1140.386474609375,1006.4151031494141,1061.725449625651,-1,-1.0,-0.0303029099903267
2024-05-17,1116.4288330078125,1011.9253692626953,1064.951752726237,-1,-1.0,0.021008352988199808
2024-05-20,1140.386474609375,1021.3647003173828,1068.2738850911458,-1,-1.0,-0.02145917490953475
2024-05-21,1126.011962890625,1031.3790191650392,1071.3724151611327,-1,-1.0,0.012604947567160352
2024-05-22,1135.5950927734375,1041.5850036621093,1074.0876220703126,-1,-1.0,-0.008510682122960134
2024-05-23,1154.76123046875,1050.9285095214843,1075.7646606445312,-1,-1.0,-0.01687761581331193
2024-05-24,1145.1781005859375,1061.182406616211,1077.0424051920572,-1,-1.0,0.008298797734075714
2024-05-27,1231.4259033203125,1074.5987213134765,1079.7576131184896,-1,-1.0,-0.0753138771080637
2024-05-28,1255.383544921875,1088.7337646484375,1082.4728210449218,1,-1.0,-0.019455203546526967
2024-05-29,1236.2174072265625,1103.0125549316406,1085.4276041666667,1,1.0,-0.015267157015751098
2024-05-30,1236.2174072265625,1116.908023071289,1087.6636555989583,1,1.0,0.0
2024-05-31,1183.510498046875,1126.251528930664,1088.9414001464843,1,1.0,-0.04263563097524625
2024-06-03,1217.05126953125,1137.511651611328,1090.2191467285156,1,1.0,0.028340070949709917
2024-06-04,1188.302001953125,1146.855157470703,1090.3788655598958,1,1.0,-0.023622067777964606
2024-06-05,1178.7188720703125,1153.3237365722657,1090.3788655598958,1,1.0,-0.008064557551078266
2024-06-06,1236.2174072265625,1162.6672424316407,1091.4170349121093,1,1.0,0.048780533271058246
2024-06-07,1221.8426513671875,1171.292010498047,1092.375341796875,1,1.0,-0.01162801605554531
2024-06-11,1217.05126953125,1178.7189025878906,1093.2537923177083,1,1.0,-0.003921439336379451
2024-06-12,1245.8004150390625,1185.6666320800782,1095.649560546875,1,1.0,0.023621967477907013
2024-06-13,1327.256591796875,1196.6871704101563,1099.642508951823,1,1.0,0.06538461199281143
2024-06-14,1336.8397216796875,1206.509832763672,1103.2361633300782,1,1.0,0.007220254125721581
2024-06-17,1322.465087890625,1216.8116455078125,1106.9096761067708,1,1.0,-0.0107526979906023
2024-06-18,1346.4228515625,1227.1134643554688,1111.3019226074218,1,1.0,0.018115989519306375
2024-06-19,1423.08740234375,1241.967236328125,1116.8121948242188,1,1.0,0.056939430797896984
2024-06-20,1437.4620361328125,1257.0605834960938,1122.801619466146,1,1.0,0.01010101963195531
2024-06-21,1427.8790283203125,1270.7164733886718,1128.7111857096354,1,1.0,-0.0066666162803722395
2024-06-24,1351.2142333984375,1281.0182800292969,1133.1832885742188,1,1.0,-0.05369137959261139
2024-06-25,1327.256591796875,1285.809814453125,1136.6970845540366,1,1.0,-0.017730453846172556
2024-06-26,1346.4228515625,1290.3617797851562,1140.610176595052,1,1.0,0.014440508251443163
2024-06-27,1336.8397216796875,1295.3928955078125,1143.9642537434895,1,1.0,-0.007117474181080219
2024-06-28,1341.6312255859375,1300.6635864257812,1147.7974853515625,1,1.0,0.0035842022260004214
2024-07-01,1356.005859375,1309.2883544921874,1151.7904357910156,1,1.0,0.010714295787789707
2024-07-02,1351.2142333984375,1315.9965026855468,1155.7833841959634,1,1.0,-0.0035336322062583525
2024-07-03,1346.4228515625,1323.9025451660157,1159.8561930338542,1,1.0,-0.003545982359796973
2024-07-04,1346.81982421875,1332.3075927734376,1163.7759012858073,1,1.0,0.0002948350555618262
2024-07-05,1322.3321533203125,1336.613330078125,1166.7284688313803,1,1.0,-0.018181846196570595
2024-07-08,1390.8975830078125,1345.0660766601563,1170.743935139974,1,1.0,0.051851896299530686
2024-07-09,1430.0777587890625,1355.7174011230468,1175.7318400065103,1,1.0,0.028168986890122483
2024-07-10,1405.590087890625,1363.706884765625,1181.4296427408854,1,1.0,-0.017123314272905477
2024-07-11,1390.8975830078125,1366.888934326172,1187.761019897461,1,1.0,-0.010452908717406784
2024-07-12,1332.127197265625,1366.6533081054688,1193.192748006185,1,1.0,-0.04225356809887948
2024-07-15,1327.229736328125,1366.8915405273438,1198.5428517659504,1,1.0,-0.0036764214014642915
2024-07-16,1317.4345703125,1365.4421264648438,1204.6400970458985,1,1.0,-0.0073801586473823955
2024-07-17,1297.844482421875,1359.17998046875,1210.8420786539714,1,1.0,-0.01486987538666007
2024-07-18,1253.766845703125,1349.9952209472656,1216.213602701823,1,1.0,-0.03396218677641394
2024-07-19,1234.1766357421875,1340.3101013183593,1220.6516947428386,1,1.0,-0.0156250821499041
2024-07-22,1199.89404296875,1332.744091796875,1224.9815928141277,1,1.0,-0.02777770359655307
2024-07-23,1248.8692626953125,1328.824725341797,1229.744420369466,1,1.0,0.04081628708264029
2024-07-26,1219.484130859375,1322.4777893066407,1233.8577779134114,1,1.0,-0.02352938991589759
2024-07-29,1214.5865478515625,1316.3651306152344,1238.2568603515624,1,1.0,-0.0040161104879332665
2024-07-30,1229.2791748046875,1310.7475280761719,1242.7730458577473,1,1.0,0.012096813503421622
2024-07-31,1194.9964599609375,1302.6970581054688,1246.07898050944,1,1.0,-0.027888469557126427
2024-08-01,1155.8162841796875,1292.9271606445313,1248.8117716471354,1,1.0,-0.032786855102927004
2024-08-02,1067.6607666015625,1278.9890563964843,1249.915586344401,1,1.0,-0.07627121955691363
2024-08-05,970.6897583007812,1260.182553100586,1248.6046274820962,1,1.0,-0.09082567359803495
2024-08-06,1052.9681396484375,1246.7143524169921,1248.664974975586,-1,1.0,0.08476279948774446
2024-08-07,1126.43115234375,1233.491030883789,1249.9497060139975,-1,-1.0,-0.06976755509415522
2024-08-08,1092.1484375,1216.594564819336,1250.3436228434246,-1,-1.0,0.030434807109532058
2024-08-09,1101.9434814453125,1201.4122344970704,1250.2619171142578,-1,-1.0,-0.008968601344826244
2024-08-12,1150.918701171875,1189.4132904052735,1250.9964650472004,-1,-1.0,-0.04444440259524596
2024-08-13,1136.2261962890625,1179.6182403564453,1250.9271270751954,-1,-1.0,0.012765892906121401
2024-08-14,1160.7137451171875,1171.2924407958985,1251.665208943685,-1,-1.0,-0.02155164958183664
2024-08-15,1131.32861328125,1161.987142944336,1251.5142445882161,-1,-1.0,0.025316433065045496
2024-08-16,1204.79150390625,1157.3344940185548,1252.8272369384765,-1,-1.0,-0.06493505932987209
2024-08-19,1229.2791748046875,1156.1101104736329,1254.388638305664,-1,-1.0,-0.020325235378106488
2024-08-20,1224.381591796875,1155.6203582763671,1255.5489776611328,-1,-1.0,0.003984109637740096
2024-08-21,1194.9964599609375,1155.3754791259767,1256.3792836507162,-1,-1.0,0.02399997846489388
2024-08-22,1204.79150390625,1153.1715911865235,1255.935376993815,-1,-1.0,-0.008196713775731723
2024-08-23,1199.89404296875,1152.192086791992,1255.010551961263,-1,-1.0,0.004064986283204286
2024-08-26,1190.0989990234375,1150.967709350586,1254.2419118245443,-1,-1.0,0.008163257416528125
2024-08-27,1185.201416015625,1148.7638214111328,1253.3916453043619,-1,-1.0,0.004115273613229942
2024-08-28,1175.4063720703125,1147.7843170166016,1253.256576538086,-1,-1.0,0.008264455149101346
2024-08-29,1224.381591796875,1151.212582397461,1253.3787485758464,-1,-1.0,-0.04166662772152541
2024-08-30,1214.5865478515625,1158.558871459961,1253.8168243408204,-1,-1.0,0.00799999282163133
2024-09-02,1199.89404296875,1170.0190856933593,1254.1697438557942,-1,-1.0,0.012096712999828285
2024-09-03,1194.9964599609375,1177.1205017089844,1253.4827280680338,-1,-1.0,0.004081679575385633
2024-09-04,1111.738525390625,1176.3858703613282,1251.6476593017578,-1,-1.0,0.06967211816931584
2024-09-05,1087.2508544921875,1176.1409912109375,1249.4843190511067,-1,-1.0,0.022026466061193184
2024-09-06,1121.5335693359375,1177.1204956054687,1247.4132049560546,-1,-1.0,-0.03153155934723273
2024-09-09,1082.3533935546875,1173.6922302246094,1243.3314849853516,-1,-1.0,0.034934465496604505
2024-09-10,1106.8409423828125,1172.222967529297,1239.4981719970704,-1,-1.0,-0.022624356309081772
2024-09-11,1087.2508544921875,1168.549822998047,1235.577934773763,-1,-1.0,0.01769909942837078
2024-09-12,1131.32861328125,1168.549822998047,1231.9930308024088,-1,-1.0,-0.04054056026440156
2024-09-13,1101.9434814453125,1163.407421875,1226.6406321207683,-1,-1.0,0.025974002151956777
2024-09-16,1106.8409423828125,1157.2855102539063,1221.1302805582682,-1,-1.0,-0.004444384870879725
2024-09-18,1082.3533935546875,1150.184100341797,1215.3715199788412,-1,-1.0,0.02212381914189776
2024-09-19,1097.0458984375,1145.286572265625,1211.1353810628254,-1,-1.0,-0.013574591228987742
2024-09-20,1101.9434814453125,1140.1441711425782,1207.380162556966,-1,-1.0,-0.0044643373762101035
2024-09-23,1121.5335693359375,1136.2261474609375,1203.63200785319,-1,-1.0,-0.017777761038098472
2024-09-24,1170.5087890625,1135.2466369628905,1200.8598256429036,-1,-1.0,-0.04366808187075555
2024-09-25,1199.89404296875,1135.981268310547,1198.4975392659505,-1,-1.0,-0.025104684544731803
2024-09-26,1243.9716796875,1139.4095336914063,1196.6303029378255,-1,-1.0,-0.03673460750725477
2024-09-27,1234.1766357421875,1139.8992858886718,1194.6796763102213,-1,-1.0,0.00787400879397282
2024-09-30,1150.918701171875,1136.7158935546875,1191.4212738037108,-1,-1.0,0.06746030686299964
2024-10-01,1185.201416015625,1135.9812622070312,1188.7276336669922,-1,-1.0,-0.02978726021989475
2024-10-04,1204.79150390625,1136.471014404297,1186.7686228434245,-1,-1.0,-0.016528910298202693
2024-10-07,1224.381591796875,1142.1031677246094,1183.993356323242,-1,-1.0,-0.016260147774207256
2024-10-08,1199.89404296875,1147.7353271484376,1180.1569610595702,-1,-1.0,0.019999932204295523
2024-10-09,1219.484130859375,1152.6328552246093,1177.0551951090495,-1,-1.0,-0.01632651483305625
2024-10-11,1273.35693359375,1162.1830322265625,1175.0961842854817,-1,-1.0,-0.04417671486746655
2024-10-14,1263.5618896484375,1170.0190795898438,1173.9534291585287,-1,-1.0,0.007692300318079992
2024-10-15,1273.35693359375,1179.3243835449218,1173.0555491129558,1,-1.0,-0.007751930495496273
2024-10-16,1248.8692626953125,1185.201416015625,1171.9127939860025,1,1.0,-0.019230798727680187
2024-10-17,1248.8692626953125,1192.547705078125,1171.0965403238931,1,1.0,0.0
2024-10-18,1278.25439453125,1201.1183776855469,1171.5046661376953,1,1.0,0.02352938991589748
2024-10-21,1302.7420654296875,1212.1378112792968,1172.6474232991536,1,1.0,0.019157118491595293
2024-10-22,1283.1519775390625,1221.443115234375,1174.0350555419923,1,1.0,-0.01503757989434662
2024-10-23,1273.35693359375,1230.0137878417968,1174.4431833902995,1,1.0,-0.0076335805241856125
2024-10-24,1243.9716796875,1236.135693359375,1174.8513092041017,1,1.0,-0.023076996819200613
2024-10-25,1288.0494384765625,1242.0127258300781,1176.0756907145183,1,1.0,0.035433088637625065
2024-10-28,1307.6395263671875,1247.4,1177.3816965738931,1,1.0,0.015209111782071849
2024-10-29,1273.35693359375,1248.8692626953125,1178.6877044677735,1,1.0,-0.026217158538086927
2024-10-30,1263.5618896484375,1250.338525390625,1180.4834645589192,1,1.0,-0.007692300318079992
2024-11-01,1263.5618896484375,1255.970684814453,1183.748483276367,1,1.0,0.0
2024-11-04,1268.4593505859375,1260.1335815429688,1188.7113098144532,1,1.0,0.0038759169436983765
2024-11-05,1263.5618896484375,1263.0721008300782,1192.2212056477865,1,1.0,-0.003860952213594948
2024-11-06,1278.25439453125,1265.7657409667968,1194.7515930175782,1,1.0,0.01162784743919465
2024-11-07,1278.25439453125,1269.6837585449218,1197.853358968099,1,1.0,0.0
2024-11-08,1253.766845703125,1271.3978942871095,1200.3837483723958,1,1.0,-0.019157022993928297
2024-11-11,1268.4593505859375,1271.1530151367188,1202.3427591959635,1,1.0,0.011718689908866375
2024-11-12,1239.07421875,1269.9286315917968,1204.0568929036458,1,1.0,-0.02316600198686991
2024-11-13,1229.2791748046875,1267.7247436523437,1205.1996500651042,1,1.0,-0.007905130941384564
2024-11-14,1209.6890869140625,1265.7657348632813,1206.5056579589843,1,1.0,-0.01593623994625759
2024-11-15,1243.9716796875,1265.5208557128906,1207.1586608886719,1,1.0,0.028340003348209963
2024-11-18,1214.5865478515625,1262.3374633789062,1206.9137837727865,1,1.0,-0.02362202638191846
2024-11-19,1258.664306640625,1260.1335754394531,1207.4851623535155,1,1.0,0.03629034000667142
2024-11-20,1248.8692626953125,1258.4194396972657,1208.3830423990885,1,1.0,-0.0077820939972910175
2024-11-21,1239.07421875,1256.705303955078,1208.9544209798178,1,1.0,-0.007843129971965901
2024-11-22,1283.1519775390625,1258.6643188476562,1210.3420532226562,1,1.0,0.03557313849490695
2024-11-25,1253.766845703125,1256.9501892089843,1211.403184000651,1,1.0,-0.02290074157255695
2024-11-26,1253.766845703125,1254.2565551757812,1212.5459411621093,1,1.0,0.0
2024-11-27,1224.381591796875,1251.8077880859375,1213.3621948242187,1,1.0,-0.02343757454343154
2024-11-28,1229.2791748046875,1250.09365234375,1213.4438212076823,1,1.0,0.0040000462605982445
2024-11-29,1229.2791748046875,1248.3795166015625,1213.6886983235677,1,1.0,0.0
2024-12-02,1283.1519775390625,1249.1141479492187,1215.0763305664063,1,1.0,0.04382470950338391
2024-12-03,1288.0494384765625,1250.338525390625,1216.6272135416666,1,1.0,0.0038167426955089123
2024-12-04,1292.947021484375,1251.0731567382813,1219.647355143229,1,1.0,0.0038023253312426952
2024-12-05,1297.844482421875,1252.0526611328125,1223.1572489420573,1,1.0,0.0037878280054177704
2024-12-06,1278.25439453125,1253.2770385742188,1225.7692626953126,1,1.0,-0.015094326135338232
2024-12-09,1297.844482421875,1254.7462951660157,1229.360780843099,1,1.0,0.01532565659420948
2024-12-10,1322.3321533203125,1258.9091918945312,1232.9523010253906,1,1.0,0.018867954697269873
2024-12-11,1322.3321533203125,1263.5618408203125,1236.870322672526,1,1.0,0.0
2024-12-12,1351.71728515625,1270.6632507324218,1240.5434672037761,1,1.0,0.022222201707909006
2024-12-13,1381.1024169921875,1277.5197875976562,1245.1961161295574,1,1.0,0.021739110802700745
2024-12-16,1356.6148681640625,1284.6212036132813,1249.3590148925782,1,1.0,-0.017730436589528886
2024-12-17,1395.7950439453125,1291.4777404785157,1254.5830423990885,1,1.0,0.02888083913916817
2024-12-18,1390.8975830078125,1298.5791564941405,1259.4805704752605,1,1.0,-0.003508724979891742
2024-12-19,1390.8975830078125,1306.1703247070313,1264.2964721679687,1,1.0,0.0
2024-12-20,1361.5123291015625,1310.0883422851562,1268.2961181640626,1,1.0,-0.02112682793128773
2024-12-23,1381.1024169921875,1316.4551208496093,1271.8060119628906,1,1.0,0.014388476308218268
2024-12-24,1376.2049560546875,1322.5770263671875,1274.7445271809895,1,1.0,-0.0035460519634494814
2024-12-25,1381.1024169921875,1330.413067626953,1277.0300394694011,1,1.0,0.0035586711964328277
2024-12-26,1390.8975830078125,1338.4939880371094,1279.6420552571615,1,1.0,0.007092280699180442
2024-12-27,1400.692626953125,1347.0646606445312,1283.8049540201823,1,1.0,0.007042246722530621
2024-12-30,1390.8975830078125,1352.4519409179688,1287.233223470052,1,1.0,-0.006993000289163609
2024-12-31,1386.0,1357.3494689941406,1290.2533650716146,1,1.0,-0.0035211672431132435
2025-01-02,1350.0,1360.2021179199219,1292.3470052083333,1,1.0,-0.025974025974025983
2025-01-03,1365.0,1363.5598937988282,1295.098771158854,1,1.0,0.011111111111111072
2025-01-06,1425.0,1370.8971740722657,1298.5240356445313,1,1.0,0.04395604395604402
2025-01-07,1490.0,1380.504949951172,1302.1347534179688,1,1.0,0.04561403508771922
2025-01-08,1470.0,1387.8883422851563,1305.5753885904949,1,1.0,-0.01342281879194629
2025-01-09,1440.0,1393.7717346191407,1308.3527730305989,1,1.0,-0.020408163265306145
2025-01-10,1465.0,1399.4358703613282,1311.954951985677,1,1.0,0.01736111111111116
2025-01-13,1390.0,1399.8807495117187,1314.3071309407553,1,1.0,-0.05119453924914674
2025-01-14,1400.0,1402.0500061035157,1316.3362243652343,1,1.0,0.007194244604316502
2025-01-15,1420.0,1403.26025390625,1318.2905232747396,1,1.0,0.014285714285714235
2025-01-16,1460.0,1406.7153747558593,1321.2379903157553,1,1.0,0.028169014084507005
2025-01-17,1430.0,1408.6704956054687,1323.8487080891928,1,1.0,-0.020547945205479423
2025-01-20,1445.0,1412.8448791503906,1327.199180094401,1,1.0,0.010489510489510412
2025-01-21,1465.0,1417.0397583007812,1330.1483561197917,1,1.0,0.01384083044982698
2025-01-22,1465.0,1421.479510498047,1332.7710306803385,1,1.0,0.0
2025-02-03,1500.0,1427.4243896484375,1336.5484151204428,1,1.0,0.023890784982935065
2025-02-04,1490.0,1432.3795104980468,1340.322383626302,1,1.0,-0.00666666666666671
2025-02-05,1525.0,1438.5948791503906,1344.6796854654947,1,1.0,0.02348993288590595
2025-02-06,1525.0,1445.3,1348.9553629557292,1,1.0,0.0
2025-02-07,1525.0,1452.25,1353.3126647949218,1,1.0,0.0
2025-02-10,1480.0,1458.75,1356.6750915527343,1,1.0,-0.02950819672131144
2025-02-11,1510.0,1466.0,1360.5375183105468,1,1.0,0.020270270270270174
2025-02-12,1485.0,1469.0,1364.3914042154947,1,1.0,-0.01655629139072845
2025-02-13,1520.0,1470.5,1368.5837483723958,1,1.0,0.023569023569023573
2025-02-14,1505.0,1472.25,1373.0158447265626,1,1.0,-0.009868421052631526
2025-02-17,1545.0,1477.5,1378.2778584798177,1,1.0,0.02657807308970095
2025-02-18,1535.0,1481.0,1383.69970703125,1,1.0,-0.006472491909385147
2025-02-19,1540.0,1488.5,1388.6335123697916,1,1.0,0.0032573289902280145
2025-02-20,1500.0,1493.5,1393.3904032389323,1,1.0,-0.025974025974025983
2025-02-21,1510.0,1498.0,1397.5793314615885,1,1.0,0.006666666666666599
2025-02-24,1545.0,1502.25,1402.51484375,1,1.0,0.023178807947019875
2025-02-25,1550.0,1508.25,1407.6969401041667,1,1.0,0.003236245954692629
2025-02-26,1560.0,1514.0,1412.311073811849,1,1.0,0.006451612903225712
2025-02-27,1515.0,1516.5,1416.6649597167968,1,1.0,-0.028846153846153855
2025-03-03,1470.0,1516.75,1420.2688456217447,1,1.0,-0.02970297029702973
2025-03-04,1505.0,1517.0,1424.945819091797,1,1.0,0.023809523809523725
2025-03-05,1505.0,1517.75,1429.5411661783853,1,1.0,0.0
2025-03-06,1495.0,1516.25,1433.9698465983072,1,1.0,-0.006644518272425293
2025-03-07,1465.0,1513.25,1437.0006469726563,1,1.0,-0.02006688963210701
2025-03-10,1395.0,1506.75,1438.7831563313803,1,1.0,-0.04778156996587035
2025-03-11,1385.0,1502.0,1440.3173726399739,1,1.0,-0.007168458781361964
2025-03-12,1410.0,1497.0,1442.186631266276,1,1.0,0.018050541516245522
2025-03-13,1390.0,1492.25,1444.0490580240885,1,1.0,-0.014184397163120588
2025-03-14,1400.0,1486.25,1445.751649983724,1,1.0,0.007194244604316502
2025-03-17,1425.0,1482.25,1447.4627807617187,1,1.0,0.017857142857142794
2025-03-18,1475.0,1478.75,1450.0072448730468,1,1.0,0.03508771929824572
2025-03-19,1465.0,1475.25,1451.8952901204427,1,1.0,-0.006779661016949157
2025-03-20,1485.0,1472.5,1453.6269165039062,1,1.0,0.013651877133105783
2025-03-21,1480.0,1471.5,1455.6833353678385,1,1.0,-0.0033670033670033517
2025-03-24,1480.0,1470.0,1457.0867513020833,1,1.0,0.0
2025-03-25,1525.0,1469.0,1459.3217915852865,1,1.0,0.030405405405405483
2025-03-26,1515.0,1467.25,1461.3901652018228,1,1.0,-0.006557377049180357
2025-03-27,1485.0,1463.5,1463.4482930501301,1,1.0,-0.01980198019801982
2025-03-28,1465.0,1461.0,1464.8465861002603,-1,1.0,-0.013468013468013518
2025-03-31,1390.0,1457.0,1465.076503499349,-1,-1.0,0.05119453924914674
2025-04-01,1460.0,1454.75,1466.391463216146,-1,-1.0,-0.050359712230215736
2025-04-02,1435.0,1451.25,1467.126503499349,-1,-1.0,0.017123287671232834
2025-04-07,1295.0,1441.25,1465.3649597167969,-1,-1.0,0.09756097560975607
2025-04-08,1260.0,1431.0,1463.1833333333334,-1,-1.0,0.027027027027026973
2025-04-09,1185.0,1420.5,1459.8333333333333,-1,-1.0,0.059523809523809534
2025-04-10,1300.0,1416.25,1459.0,-1,-1.0,-0.09704641350210963
2025-04-11,1385.0,1415.0,1459.3333333333333,-1,-1.0,-0.06538461538461537
2025-04-14,1400.0,1415.5,1458.9166666666667,-1,-1.0,-0.010830324909747224
2025-04-15,1385.0,1414.75,1457.1666666666667,-1,-1.0,0.010714285714285676
2025-04-16,1365.0,1411.75,1455.4166666666667,-1,-1.0,0.014440433212996373
2025-04-17,1340.0,1405.0,1453.75,-1,-1.0,0.01831501831501836
2025-04-18,1365.0,1400.0,1452.0833333333333,-1,-1.0,-0.018656716417910557
2025-04-21,1345.0,1393.0,1451.3333333333333,-1,-1.0,0.0146520146520146
2025-04-22,1300.0,1384.0,1449.6666666666667,-1,-1.0,0.03345724907063197
2025-04-23,1370.0,1378.5,1448.8333333333333,-1,-1.0,-0.05384615384615388
2025-04-24,1330.0,1368.75,1446.6666666666667,-1,-1.0,0.029197080291970767
2025-04-25,1380.0,1362.0,1445.8333333333333,-1,-1.0,-0.03759398496240607
2025-04-28,1350.0,1355.25,1444.25,-1,-1.0,0.021739130434782594
2025-04-29,1370.0,1350.5,1442.6666666666667,-1,-1.0,-0.014814814814814836
2025-04-30,1350.0,1348.5,1440.75,-1,-1.0,0.014598540145985384
2025-05-02,1300.0,1340.5,1437.4166666666667,-1,-1.0,0.03703703703703709
2025-05-05,1295.0,1333.5,1434.1666666666667,-1,-1.0,0.0038461538461538325
2025-05-06,1280.0,1332.75,1430.0833333333333,-1,-1.0,0.01158301158301156
2025-05-07,1275.0,1333.5,1425.9166666666667,-1,-1.0,0.00390625
2025-05-08,1290.0,1338.75,1422.0,-1,-1.0,-0.0117647058823529
2025-05-09,1325.0,1340.0,1419.4166666666667,-1,-1.0,-0.027131782945736482
2025-05-12,1315.0,1336.5,1416.1666666666667,-1,-1.0,0.007547169811320753
2025-05-13,1355.0,1334.25,1414.0,-1,-1.0,-0.03041825095057038
2025-05-14,1360.0,1333.0,1411.3333333333333,-1,-1.0,-0.0036900369003689537
2025-05-15,1370.0,1333.25,1409.0833333333333,-1,-1.0,-0.007352941176470562
2025-05-16,1365.0,1334.5,1406.0833333333333,-1,-1.0,0.0036496350364964014
2025-05-19,1310.0,1331.75,1402.3333333333333,-1,-1.0,0.04029304029304026
2025-05-20,1315.0,1330.25,1398.5833333333333,-1,-1.0,-0.003816793893129722
